Copyright 1986-2022 Xilinx, Inc. All Rights Reserved. Copyright 2022-2024 Advanced Micro Devices, Inc. All Rights Reserved.
---------------------------------------------------------------------------------------------------------------------------------------------
| Tool Version : Vivado v.2024.1 (win64) Build 5076996 Wed May 22 18:37:14 MDT 2024
| Date         : Thu Jun 18 14:52:27 2026
| Host         : eirik-hobby running 64-bit major release  (build 9200)
| Command      : report_control_sets -verbose -file audio_system_wrapper_control_sets_placed.rpt
| Design       : audio_system_wrapper
| Device       : xc7z020
---------------------------------------------------------------------------------------------------------------------------------------------

Control Set Information

Table of Contents
-----------------
1. Summary
2. Histogram
3. Flip-Flop Distribution
4. Detailed Control Set Information

1. Summary
----------

+----------------------------------------------------------+-------+
|                          Status                          | Count |
+----------------------------------------------------------+-------+
| Total control sets                                       |   304 |
|    Minimum number of control sets                        |   304 |
|    Addition due to synthesis replication                 |     0 |
|    Addition due to physical synthesis replication        |     0 |
| Unused register locations in slices containing registers |   387 |
+----------------------------------------------------------+-------+
* Control sets can be merged at opt_design using control_set_merge or merge_equivalent_drivers
** Run report_qor_suggestions for automated merging and remapping suggestions


2. Histogram
------------

+--------------------+-------+
|       Fanout       | Count |
+--------------------+-------+
| Total control sets |   304 |
| >= 0 to < 4        |     4 |
| >= 4 to < 6        |    23 |
| >= 6 to < 8        |     9 |
| >= 8 to < 10       |     9 |
| >= 10 to < 12      |    14 |
| >= 12 to < 14      |     8 |
| >= 14 to < 16      |     7 |
| >= 16              |   230 |
+--------------------+-------+
* Control sets can be remapped at either synth_design or opt_design


3. Flip-Flop Distribution
-------------------------

+--------------+-----------------------+------------------------+-----------------+--------------+
| Clock Enable | Synchronous Set/Reset | Asynchronous Set/Reset | Total Registers | Total Slices |
+--------------+-----------------------+------------------------+-----------------+--------------+
| No           | No                    | No                     |             243 |          103 |
| No           | No                    | Yes                    |               0 |            0 |
| No           | Yes                   | No                     |             378 |          119 |
| Yes          | No                    | No                     |             650 |          200 |
| Yes          | No                    | Yes                    |               0 |            0 |
| Yes          | Yes                   | No                     |           11734 |         4896 |
+--------------+-----------------------+------------------------+-----------------+--------------+


4. Detailed Control Set Information
-----------------------------------

+------------------------------------------+----------------------------------------------------------------------------------------------------------------------------------------------------------+-------------------------------------------------------------------------------------------------------------------------------------------------+------------------+----------------+--------------+
|               Clock Signal               |                                                                       Enable Signal                                                                      |                                                                 Set/Reset Signal                                                                | Slice Load Count | Bel Load Count | Bels / Slice |
+------------------------------------------+----------------------------------------------------------------------------------------------------------------------------------------------------------+-------------------------------------------------------------------------------------------------------------------------------------------------+------------------+----------------+--------------+
|  audio_system_i/aud_clkwiz/inst/clk_out1 | audio_system_i/axi_ic/s00_couplers/auto_pc/inst/gen_axilite.gen_b2s_conv.axilite_b2s/WR.aw_channel_0/aw_cmd_fsm_0/FSM_sequential_state_reg[0]_1          | audio_system_i/axi_ic/s00_couplers/auto_pc/inst/gen_axilite.gen_b2s_conv.axilite_b2s/WR.aw_channel_0/aw_cmd_fsm_0/FSM_sequential_state_reg[0]_0 |                1 |              1 |         1.00 |
|  audio_system_i/aud_clkwiz/inst/clk_out1 | audio_system_i/iic_codec/U0/X_IIC/REG_INTERFACE_I/p_3_in                                                                                                 | audio_system_i/iic_codec/U0/X_IIC/REG_INTERFACE_I/Tx_fifo_rst                                                                                   |                1 |              1 |         1.00 |
|  audio_system_i/aud_clkwiz/inst/clk_out1 | audio_system_i/iic_codec/U0/X_IIC/WRITE_FIFO_CTRL_I/CI                                                                                                   |                                                                                                                                                 |                1 |              2 |         2.00 |
|  audio_system_i/aud_clkwiz/inst/clk_out1 | audio_system_i/axi_ic/s00_couplers/auto_pc/inst/gen_axilite.gen_b2s_conv.axilite_b2s/WR.b_channel_0/bid_fifo_0/sel                                       |                                                                                                                                                 |                1 |              2 |         2.00 |
|  audio_system_i/aud_clkwiz/inst/clk_out1 | audio_system_i/iic_codec/U0/X_IIC/IIC_CONTROL_I/BITCNT/q_int[0]_i_1__1_n_0                                                                               | audio_system_i/iic_codec/U0/X_IIC/REG_INTERFACE_I/cr_i_reg[7]_0                                                                                 |                2 |              4 |         2.00 |
|  audio_system_i/aud_clkwiz/inst/clk_out1 |                                                                                                                                                          | audio_system_i/rstgen/U0/EXT_LPF/lpf_int                                                                                                        |                3 |              4 |         1.33 |
|  audio_system_i/aud_clkwiz/inst/clk_out1 | audio_system_i/u_dsp/U0/u_top/gen_dsp.gen_full.u_ss4/u_ctrl/prod_valid                                                                                   | audio_system_i/u_dsp/U0/u_top/gen_dsp.u_xover/resetn_0                                                                                          |                2 |              4 |         2.00 |
|  audio_system_i/aud_clkwiz/inst/clk_out1 | audio_system_i/coeff_ctrl/U0/commit_mask_reg                                                                                                             | audio_system_i/coeff_ctrl/U0/p_0_in                                                                                                             |                1 |              4 |         4.00 |
|  audio_system_i/aud_clkwiz/inst/clk_out1 | audio_system_i/u_dsp/U0/u_top/gen_dsp.gen_full.u_ss1/u_ctrl/state[3]_i_1_n_0                                                                             | audio_system_i/u_dsp/U0/u_top/gen_dsp.u_xover/resetn_0                                                                                          |                2 |              4 |         2.00 |
|  audio_system_i/aud_clkwiz/inst/clk_out1 | audio_system_i/iic_codec/U0/X_IIC/READ_FIFO_I/Rc_Data_Exists                                                                                             | audio_system_i/iic_codec/U0/X_IIC/X_AXI_IPIF_SSP1/X_SOFT_RESET/SR[0]                                                                            |                1 |              4 |         4.00 |
|  audio_system_i/aud_clkwiz/inst/clk_out1 |                                                                                                                                                          | audio_system_i/iic_codec/U0/X_IIC/X_AXI_IPIF_SSP1/AXI_LITE_IPIF_I/I_SLAVE_ATTACHMENT/clear                                                      |                1 |              4 |         4.00 |
|  audio_system_i/aud_clkwiz/inst/clk_out1 | audio_system_i/iic_codec/U0/X_IIC/X_AXI_IPIF_SSP1/AXI_LITE_IPIF_I/I_SLAVE_ATTACHMENT/I_DECODER/Bus2IIC_WrCE[8]                                           | audio_system_i/iic_codec/U0/X_IIC/X_AXI_IPIF_SSP1/X_SOFT_RESET/SR[0]                                                                            |                1 |              4 |         4.00 |
|  audio_system_i/aud_clkwiz/inst/clk_out1 | audio_system_i/axi_ic/s00_couplers/auto_pc/inst/gen_axilite.gen_b2s_conv.axilite_b2s/RD.ar_channel_0/ar_cmd_fsm_0/m_axi_arready_2                        | audio_system_i/axi_ic/s00_couplers/auto_pc/inst/gen_axilite.gen_b2s_conv.axilite_b2s/RD.ar_channel_0/ar_cmd_fsm_0/FSM_sequential_state_reg[1]_0 |                2 |              4 |         2.00 |
|  audio_system_i/aud_clkwiz/inst/clk_out1 |                                                                                                                                                          | audio_system_i/axi_ic/s00_couplers/auto_pc/inst/gen_axilite.gen_b2s_conv.axilite_b2s/SI_REG/aw.aw_pipe/aresetn_d_reg[0]_0                       |                3 |              4 |         1.33 |
|  audio_system_i/aud_clkwiz/inst/clk_out1 |                                                                                                                                                          | audio_system_i/axi_ic/s00_couplers/auto_pc/inst/gen_axilite.gen_b2s_conv.axilite_b2s/SI_REG/aw.aw_pipe/aresetn_d_reg[1]_inv_0                   |                3 |              4 |         1.33 |
|  audio_system_i/aud_clkwiz/inst/clk_out1 | audio_system_i/u_dsp/U0/u_top/gen_dsp.gen_full.u_ss3/u_ctrl/prod_valid                                                                                   | audio_system_i/u_dsp/U0/u_top/gen_dsp.u_xover/resetn_0                                                                                          |                1 |              4 |         4.00 |
|  audio_system_i/aud_clkwiz/inst/clk_out1 | audio_system_i/u_dsp/U0/u_top/gen_dsp.gen_full.u_ss4/u_ctrl/state[3]_i_1__2_n_0                                                                          | audio_system_i/u_dsp/U0/u_top/gen_dsp.u_xover/resetn_0                                                                                          |                2 |              4 |         2.00 |
|  audio_system_i/aud_clkwiz/inst/clk_out1 | audio_system_i/u_dsp/U0/u_top/gen_dsp.gen_full.u_ss3/u_ctrl/state[3]_i_1__1_n_0                                                                          | audio_system_i/u_dsp/U0/u_top/gen_dsp.u_xover/resetn_0                                                                                          |                2 |              4 |         2.00 |
|  audio_system_i/aud_clkwiz/inst/clk_out1 | audio_system_i/iic_codec/U0/X_IIC/WRITE_FIFO_CTRL_I/Data_Exists_DFF_0                                                                                    | audio_system_i/iic_codec/U0/X_IIC/REG_INTERFACE_I/Tx_fifo_rst                                                                                   |                1 |              4 |         4.00 |
|  audio_system_i/aud_clkwiz/inst/clk_out1 | audio_system_i/u_dsp/U0/u_top/gen_dsp.gen_full.u_ss2/u_ctrl/state[3]_i_1__0_n_0                                                                          | audio_system_i/u_dsp/U0/u_top/gen_dsp.u_xover/resetn_0                                                                                          |                3 |              4 |         1.33 |
|  audio_system_i/aud_clkwiz/inst/clk_out1 | audio_system_i/iic_codec/U0/X_IIC/WRITE_FIFO_I/Tx_data_exists_sgl                                                                                        | audio_system_i/iic_codec/U0/X_IIC/REG_INTERFACE_I/Tx_fifo_rst                                                                                   |                1 |              4 |         4.00 |
|  audio_system_i/aud_clkwiz/inst/clk_out1 | audio_system_i/u_dsp/U0/u_top/gen_dsp.gen_full.u_ss2/u_ctrl/prod_valid                                                                                   | audio_system_i/u_dsp/U0/u_top/gen_dsp.u_xover/resetn_0                                                                                          |                1 |              4 |         4.00 |
|  audio_system_i/aud_clkwiz/inst/clk_out1 | audio_system_i/u_dsp/U0/u_top/gen_dsp.gen_full.u_ss1/u_ctrl/prod_valid                                                                                   | audio_system_i/u_dsp/U0/u_top/gen_dsp.u_xover/resetn_0                                                                                          |                1 |              4 |         4.00 |
|  audio_system_i/aud_clkwiz/inst/clk_out1 | audio_system_i/axi_ic/s00_couplers/auto_pc/inst/gen_axilite.gen_b2s_conv.axilite_b2s/RD.r_channel_0/transaction_fifo_0/cnt_read[4]_i_1_n_0               | audio_system_i/axi_ic/s00_couplers/auto_pc/inst/gen_axilite.gen_b2s_conv.axilite_b2s/areset_d1                                                  |                2 |              5 |         2.50 |
|  audio_system_i/aud_clkwiz/inst/clk_out1 | audio_system_i/iic_codec/U0/X_IIC/X_AXI_IPIF_SSP1/AXI_LITE_IPIF_I/I_SLAVE_ATTACHMENT/I_DECODER/Bus2IIC_WrCE[11]                                          | audio_system_i/iic_codec/U0/X_IIC/X_AXI_IPIF_SSP1/X_SOFT_RESET/SR[0]                                                                            |                4 |              5 |         1.25 |
|  audio_system_i/aud_clkwiz/inst/clk_out1 | audio_system_i/axi_ic/s00_couplers/auto_pc/inst/gen_axilite.gen_b2s_conv.axilite_b2s/RD.r_channel_0/rd_data_fifo_0/cnt_read[4]_i_1__0_n_0                | audio_system_i/axi_ic/s00_couplers/auto_pc/inst/gen_axilite.gen_b2s_conv.axilite_b2s/areset_d1                                                  |                2 |              5 |         2.50 |
|  audio_system_i/aud_clkwiz/inst/clk_out1 | audio_system_i/u_dsp/U0/u_i2s/bit_cnt[4]_i_1_n_0                                                                                                         | audio_system_i/u_dsp/U0/u_top/gen_dsp.u_xover/resetn_0                                                                                          |                2 |              5 |         2.50 |
|  audio_system_i/aud_clkwiz/inst/clk_out1 |                                                                                                                                                          | audio_system_i/iic_codec/U0/X_IIC/REG_INTERFACE_I/Tx_fifo_rst                                                                                   |                3 |              6 |         2.00 |
|  audio_system_i/aud_clkwiz/inst/clk_out1 |                                                                                                                                                          | audio_system_i/iic_codec/U0/X_IIC/X_AXI_IPIF_SSP1/X_SOFT_RESET/AXI_Bus2IP_Reset                                                                 |                1 |              6 |         6.00 |
|  audio_system_i/aud_clkwiz/inst/clk_out1 | audio_system_i/u_dsp/U0/u_top/gen_dsp.gen_full.u_ss2/u_ctrl/term[5]_i_1__0_n_0                                                                           | audio_system_i/u_dsp/U0/u_top/gen_dsp.u_xover/resetn_0                                                                                          |                2 |              6 |         3.00 |
|  audio_system_i/aud_clkwiz/inst/clk_out1 | audio_system_i/u_dsp/U0/u_top/gen_dsp.gen_full.u_ss4/u_ctrl/term[5]_i_1__2_n_0                                                                           | audio_system_i/u_dsp/U0/u_top/gen_dsp.u_xover/resetn_0                                                                                          |                3 |              6 |         2.00 |
|  audio_system_i/aud_clkwiz/inst/clk_out1 | audio_system_i/u_dsp/U0/u_top/gen_dsp.gen_full.u_ss3/u_ctrl/term[5]_i_1__1_n_0                                                                           | audio_system_i/u_dsp/U0/u_top/gen_dsp.u_xover/resetn_0                                                                                          |                2 |              6 |         3.00 |
|  audio_system_i/aud_clkwiz/inst/clk_out1 | audio_system_i/coeff_ctrl/U0/awaddr_reg0                                                                                                                 | audio_system_i/coeff_ctrl/U0/p_0_in                                                                                                             |                2 |              6 |         3.00 |
|  audio_system_i/aud_clkwiz/inst/clk_out1 | audio_system_i/u_dsp/U0/u_top/gen_dsp.gen_full.u_ss1/u_ctrl/term[5]_i_1_n_0                                                                              | audio_system_i/u_dsp/U0/u_top/gen_dsp.u_xover/resetn_0                                                                                          |                3 |              6 |         2.00 |
|  audio_system_i/aud_clkwiz/inst/clk_out1 | audio_system_i/rstgen/U0/SEQ/seq_cnt_en                                                                                                                  | audio_system_i/rstgen/U0/SEQ/SEQ_COUNTER/clear                                                                                                  |                1 |              6 |         6.00 |
|  audio_system_i/aud_clkwiz/inst/clk_out1 | audio_system_i/iic_codec/U0/X_IIC/X_AXI_IPIF_SSP1/AXI_LITE_IPIF_I/I_SLAVE_ATTACHMENT/I_DECODER/Bus2IIC_WrCE[9]                                           | audio_system_i/iic_codec/U0/X_IIC/X_AXI_IPIF_SSP1/X_SOFT_RESET/SR[0]                                                                            |                3 |              7 |         2.33 |
|  audio_system_i/aud_clkwiz/inst/clk_out1 | audio_system_i/iic_codec/U0/X_IIC/X_AXI_IPIF_SSP1/AXI_LITE_IPIF_I/I_SLAVE_ATTACHMENT/I_DECODER/E[0]                                                      | audio_system_i/iic_codec/U0/X_IIC/X_AXI_IPIF_SSP1/X_SOFT_RESET/SR[0]                                                                            |                1 |              8 |         8.00 |
|  audio_system_i/aud_clkwiz/inst/clk_out1 | audio_system_i/axi_ic/s00_couplers/auto_pc/inst/gen_axilite.gen_b2s_conv.axilite_b2s/WR.b_channel_0/mhandshake_r                                         | audio_system_i/axi_ic/s00_couplers/auto_pc/inst/gen_axilite.gen_b2s_conv.axilite_b2s/WR.b_channel_0/bid_fifo_0/SR[0]                            |                3 |              8 |         2.67 |
|  audio_system_i/aud_clkwiz/inst/clk_out1 | audio_system_i/iic_codec/U0/X_IIC/WRITE_FIFO_I/CI                                                                                                        |                                                                                                                                                 |                1 |              8 |         8.00 |
|  audio_system_i/aud_clkwiz/inst/clk_out1 | audio_system_i/iic_codec/U0/X_IIC/DYN_MASTER_I/rdByteCntr[0]_i_1_n_0                                                                                     | audio_system_i/iic_codec/U0/X_IIC/REG_INTERFACE_I/Tx_fifo_rst                                                                                   |                3 |              8 |         2.67 |
|  audio_system_i/aud_clkwiz/inst/clk_out1 | audio_system_i/coeff_ctrl/U0/araddr_reg0                                                                                                                 | audio_system_i/coeff_ctrl/U0/p_0_in                                                                                                             |                4 |              8 |         2.00 |
|  audio_system_i/aud_clkwiz/inst/clk_out1 | audio_system_i/iic_codec/U0/X_IIC/IIC_CONTROL_I/i2c_header_en                                                                                            | audio_system_i/iic_codec/U0/X_IIC/REG_INTERFACE_I/cr_i_reg[7]_0                                                                                 |                4 |              8 |         2.00 |
|  audio_system_i/aud_clkwiz/inst/clk_out1 | audio_system_i/iic_codec/U0/X_IIC/IIC_CONTROL_I/I2CDATA_REG/data_int[7]_i_1_n_0                                                                          | audio_system_i/iic_codec/U0/X_IIC/REG_INTERFACE_I/cr_i_reg[7]_0                                                                                 |                2 |              8 |         4.00 |
|  audio_system_i/aud_clkwiz/inst/clk_out1 | audio_system_i/iic_codec/U0/X_IIC/IIC_CONTROL_I/data_i2c_i0                                                                                              | audio_system_i/iic_codec/U0/X_IIC/REG_INTERFACE_I/cr_i_reg[7]_0                                                                                 |                2 |              8 |         4.00 |
|  audio_system_i/aud_clkwiz/inst/clk_out1 | audio_system_i/iic_codec/U0/X_IIC/READ_FIFO_I/CI                                                                                                         |                                                                                                                                                 |                1 |              8 |         8.00 |
|  audio_system_i/aud_clkwiz/inst/clk_out1 |                                                                                                                                                          | audio_system_i/axi_ic/s00_couplers/auto_pc/inst/gen_axilite.gen_b2s_conv.axilite_b2s/areset_d1                                                  |                5 |             10 |         2.00 |
|  audio_system_i/aud_clkwiz/inst/clk_out1 | audio_system_i/iic_codec/U0/X_IIC/X_AXI_IPIF_SSP1/AXI_LITE_IPIF_I/I_SLAVE_ATTACHMENT/I_DECODER/Bus2IIC_WrCE[2]                                           | audio_system_i/iic_codec/U0/X_IIC/X_AXI_IPIF_SSP1/X_SOFT_RESET/SR[0]                                                                            |                5 |             10 |         2.00 |
|  audio_system_i/aud_clkwiz/inst/clk_out1 | audio_system_i/iic_codec/U0/X_IIC/X_AXI_IPIF_SSP1/AXI_LITE_IPIF_I/I_SLAVE_ATTACHMENT/I_DECODER/Bus2IIC_WrCE[3]                                           | audio_system_i/iic_codec/U0/X_IIC/X_AXI_IPIF_SSP1/X_SOFT_RESET/SR[0]                                                                            |                3 |             10 |         3.33 |
|  audio_system_i/aud_clkwiz/inst/clk_out1 | audio_system_i/iic_codec/U0/X_IIC/X_AXI_IPIF_SSP1/AXI_LITE_IPIF_I/I_SLAVE_ATTACHMENT/I_DECODER/Bus2IIC_WrCE[1]                                           | audio_system_i/iic_codec/U0/X_IIC/X_AXI_IPIF_SSP1/X_SOFT_RESET/SR[0]                                                                            |                3 |             10 |         3.33 |
|  audio_system_i/aud_clkwiz/inst/clk_out1 | audio_system_i/iic_codec/U0/X_IIC/X_AXI_IPIF_SSP1/AXI_LITE_IPIF_I/I_SLAVE_ATTACHMENT/I_DECODER/Bus2IIC_WrCE[5]                                           | audio_system_i/iic_codec/U0/X_IIC/X_AXI_IPIF_SSP1/X_SOFT_RESET/SR[0]                                                                            |                2 |             10 |         5.00 |
|  audio_system_i/aud_clkwiz/inst/clk_out1 | audio_system_i/iic_codec/U0/X_IIC/X_AXI_IPIF_SSP1/AXI_LITE_IPIF_I/I_SLAVE_ATTACHMENT/I_DECODER/Bus2IIC_WrCE[6]                                           | audio_system_i/iic_codec/U0/X_IIC/X_AXI_IPIF_SSP1/X_SOFT_RESET/SR[0]                                                                            |                5 |             10 |         2.00 |
|  audio_system_i/aud_clkwiz/inst/clk_out1 | audio_system_i/iic_codec/U0/X_IIC/X_AXI_IPIF_SSP1/AXI_LITE_IPIF_I/I_SLAVE_ATTACHMENT/I_DECODER/Bus2IIC_WrCE[4]                                           | audio_system_i/iic_codec/U0/X_IIC/X_AXI_IPIF_SSP1/X_SOFT_RESET/SR[0]                                                                            |                3 |             10 |         3.33 |
|  audio_system_i/aud_clkwiz/inst/clk_out1 | audio_system_i/iic_codec/U0/X_IIC/X_AXI_IPIF_SSP1/AXI_LITE_IPIF_I/I_SLAVE_ATTACHMENT/bus2ip_addr_i[8]_i_1_n_0                                            | audio_system_i/iic_codec/U0/X_IIC/X_AXI_IPIF_SSP1/AXI_LITE_IPIF_I/I_SLAVE_ATTACHMENT/rst                                                        |                5 |             10 |         2.00 |
|  audio_system_i/aud_clkwiz/inst/clk_out1 | audio_system_i/iic_codec/U0/X_IIC/X_AXI_IPIF_SSP1/AXI_LITE_IPIF_I/I_SLAVE_ATTACHMENT/I_DECODER/Bus2IIC_WrCE[7]                                           | audio_system_i/iic_codec/U0/X_IIC/X_AXI_IPIF_SSP1/X_SOFT_RESET/SR[0]                                                                            |                5 |             10 |         2.00 |
|  audio_system_i/aud_clkwiz/inst/clk_out1 | audio_system_i/iic_codec/U0/X_IIC/X_AXI_IPIF_SSP1/AXI_LITE_IPIF_I/I_SLAVE_ATTACHMENT/I_DECODER/Bus2IIC_WrCE[0]                                           | audio_system_i/iic_codec/U0/X_IIC/X_AXI_IPIF_SSP1/X_SOFT_RESET/SR[0]                                                                            |                2 |             10 |         5.00 |
|  audio_system_i/aud_clkwiz/inst/clk_out1 | audio_system_i/iic_codec/U0/X_IIC/IIC_CONTROL_I/CLKCNT/q_int[0]_i_1__0_n_0                                                                               | audio_system_i/iic_codec/U0/X_IIC/REG_INTERFACE_I/cr_i_reg[7]_0                                                                                 |                4 |             10 |         2.50 |
|  audio_system_i/aud_clkwiz/inst/clk_out1 | audio_system_i/iic_codec/U0/X_IIC/IIC_CONTROL_I/SETUP_CNT/q_int[0]_i_1_n_0                                                                               | audio_system_i/iic_codec/U0/X_IIC/REG_INTERFACE_I/cr_i_reg[7]_0                                                                                 |                2 |             10 |         5.00 |
|  audio_system_i/aud_clkwiz/inst/clk_out1 | audio_system_i/iic_codec/U0/X_IIC/IIC_CONTROL_I/FSM_onehot_scl_state[9]_i_2_n_0                                                                          | audio_system_i/iic_codec/U0/X_IIC/REG_INTERFACE_I/cr_i_reg[7]_0                                                                                 |                5 |             10 |         2.00 |
|  audio_system_i/aud_clkwiz/inst/clk_out1 |                                                                                                                                                          | audio_system_i/axi_ic/xbar/inst/gen_sasd.crossbar_sasd_0/addr_arbiter_inst/SR[0]                                                                |                5 |             11 |         2.20 |
|  audio_system_i/aud_clkwiz/inst/clk_out1 | audio_system_i/axi_ic/s00_couplers/auto_pc/inst/gen_axilite.gen_b2s_conv.axilite_b2s/WR.aw_channel_0/aw_cmd_fsm_0/m_valid_i_reg[0]                       |                                                                                                                                                 |                3 |             12 |         4.00 |
|  audio_system_i/aud_clkwiz/inst/clk_out1 | audio_system_i/axi_ic/s00_couplers/auto_pc/inst/gen_axilite.gen_b2s_conv.axilite_b2s/RD.ar_channel_0/ar_cmd_fsm_0/E[0]                                   |                                                                                                                                                 |                6 |             12 |         2.00 |
|  audio_system_i/aud_clkwiz/inst/clk_out1 | audio_system_i/coeff_ctrl/U0/shadow_pending_reg                                                                                                          | audio_system_i/coeff_ctrl/U0/p_0_in                                                                                                             |                6 |             12 |         2.00 |
|  audio_system_i/aud_clkwiz/inst/clk_out1 | audio_system_i/axi_ic/s00_couplers/auto_pc/inst/gen_axilite.gen_b2s_conv.axilite_b2s/RD.ar_channel_0/ar_cmd_fsm_0/sel_first_reg[0]                       |                                                                                                                                                 |                4 |             12 |         3.00 |
|  audio_system_i/aud_clkwiz/inst/clk_out1 |                                                                                                                                                          | audio_system_i/iic_codec/U0/X_IIC/X_AXI_IPIF_SSP1/AXI_LITE_IPIF_I/I_SLAVE_ATTACHMENT/rst                                                        |                4 |             12 |         3.00 |
|  audio_system_i/aud_clkwiz/inst/clk_out1 | audio_system_i/axi_ic/s00_couplers/auto_pc/inst/gen_axilite.gen_b2s_conv.axilite_b2s/WR.aw_channel_0/cmd_translator_0/incr_cmd_0/axaddr_incr[11]_i_1_n_0 |                                                                                                                                                 |                3 |             12 |         4.00 |
|  audio_system_i/aud_clkwiz/inst/clk_out1 | audio_system_i/iic_codec/U0/X_IIC/X_AXI_IPIF_SSP1/AXI_LITE_IPIF_I/I_SLAVE_ATTACHMENT/s_axi_rresp_i                                                       | audio_system_i/iic_codec/U0/X_IIC/X_AXI_IPIF_SSP1/AXI_LITE_IPIF_I/I_SLAVE_ATTACHMENT/rst                                                        |                4 |             12 |         3.00 |
|  audio_system_i/aud_clkwiz/inst/clk_out1 | audio_system_i/axi_ic/s00_couplers/auto_pc/inst/gen_axilite.gen_b2s_conv.axilite_b2s/RD.r_channel_0/r_push_r                                             |                                                                                                                                                 |                4 |             13 |         3.25 |
|  audio_system_i/aud_clkwiz/inst/clk_out1 | audio_system_i/u_dsp/U0/u_top/gen_dsp.gen_full.u_ss3/u_ctrl/row_times_n                                                                                  | audio_system_i/u_dsp/U0/u_top/gen_dsp.u_xover/resetn_0                                                                                          |                5 |             14 |         2.80 |
|  audio_system_i/aud_clkwiz/inst/clk_out1 | audio_system_i/u_dsp/U0/u_top/gen_dsp.gen_full.u_ss4/u_ctrl/row_times_n                                                                                  | audio_system_i/u_dsp/U0/u_top/gen_dsp.u_xover/resetn_0                                                                                          |                4 |             14 |         3.50 |
|  audio_system_i/aud_clkwiz/inst/clk_out1 | audio_system_i/u_dsp/U0/u_top/gen_dsp.gen_full.u_ss1/u_ctrl/row_times_n                                                                                  | audio_system_i/u_dsp/U0/u_top/gen_dsp.u_xover/resetn_0                                                                                          |                6 |             14 |         2.33 |
|  audio_system_i/aud_clkwiz/inst/clk_out1 | audio_system_i/axi_ic/s00_couplers/auto_pc/inst/gen_axilite.gen_b2s_conv.axilite_b2s/SI_REG/b.b_pipe/p_1_in                                              |                                                                                                                                                 |                2 |             14 |         7.00 |
|  audio_system_i/aud_clkwiz/inst/clk_out1 | audio_system_i/axi_ic/s00_couplers/auto_pc/inst/gen_axilite.gen_b2s_conv.axilite_b2s/SI_REG/b.b_pipe/s_ready_i_reg_0                                     |                                                                                                                                                 |                2 |             14 |         7.00 |
|  audio_system_i/aud_clkwiz/inst/clk_out1 | audio_system_i/u_dsp/U0/u_top/gen_dsp.gen_full.u_ss2/u_ctrl/row_times_n                                                                                  | audio_system_i/u_dsp/U0/u_top/gen_dsp.u_xover/resetn_0                                                                                          |                3 |             14 |         4.67 |
|  audio_system_i/aud_clkwiz/inst/clk_out1 | audio_system_i/u_dsp/U0/u_top/gen_dsp.u_send_xover/stage[3]_i_1__0_n_0                                                                                   | audio_system_i/u_dsp/U0/u_top/gen_dsp.u_xover/resetn_0                                                                                          |                5 |             15 |         3.00 |
|  audio_system_i/aud_clkwiz/inst/clk_out1 | audio_system_i/axi_ic/s00_couplers/auto_pc/inst/gen_axilite.gen_b2s_conv.axilite_b2s/WR.aw_channel_0/aw_cmd_fsm_0/m_axi_awready_0                        |                                                                                                                                                 |                3 |             16 |         5.33 |
|  audio_system_i/aud_clkwiz/inst/clk_out1 | audio_system_i/u_dsp/U0/u_top/gen_dsp.u_xover/stage[3]_i_1_n_0                                                                                           | audio_system_i/u_dsp/U0/u_top/gen_dsp.u_xover/resetn_0                                                                                          |                4 |             16 |         4.00 |
|  audio_system_i/aud_clkwiz/inst/clk_out1 | audio_system_i/coeff_ctrl/U0/coeff_target_ctrl_reg                                                                                                       | audio_system_i/coeff_ctrl/U0/p_0_in                                                                                                             |                7 |             16 |         2.29 |
|  audio_system_i/aud_clkwiz/inst/clk_out1 | audio_system_i/u_dsp/U0/u_top/gen_dsp.u_send_xover/prod_p                                                                                                | audio_system_i/u_dsp/U0/u_top/gen_dsp.u_xover/resetn_0                                                                                          |                6 |             17 |         2.83 |
|  audio_system_i/aud_clkwiz/inst/clk_out1 | audio_system_i/u_dsp/U0/u_top/gen_dsp.u_xover/prod_p                                                                                                     | audio_system_i/u_dsp/U0/u_top/gen_dsp.u_xover/resetn_0                                                                                          |                3 |             17 |         5.67 |
|  audio_system_i/aud_clkwiz/inst/clk_out1 | audio_system_i/axi_ic/s00_couplers/auto_pc/inst/gen_axilite.gen_b2s_conv.axilite_b2s/RD.ar_channel_0/ar_cmd_fsm_0/m_axi_arready_2                        |                                                                                                                                                 |                7 |             21 |         3.00 |
|  audio_system_i/aud_clkwiz/inst/clk_out1 | audio_system_i/coeff_ctrl/U0/g_reg_0                                                                                                                     |                                                                                                                                                 |               16 |             24 |         1.50 |
|  audio_system_i/aud_clkwiz/inst/clk_out1 | audio_system_i/coeff_ctrl/U0/alpha_reg_3                                                                                                                 |                                                                                                                                                 |               15 |             24 |         1.60 |
|  audio_system_i/aud_clkwiz/inst/clk_out1 | audio_system_i/coeff_ctrl/U0/alpha_reg_0                                                                                                                 |                                                                                                                                                 |               11 |             24 |         2.18 |
|  audio_system_i/aud_clkwiz/inst/clk_out1 | audio_system_i/coeff_ctrl/U0/alpha_reg_1                                                                                                                 |                                                                                                                                                 |                8 |             24 |         3.00 |
|  audio_system_i/aud_clkwiz/inst/clk_out1 | audio_system_i/u_dsp/U0/u_top/gen_dsp.gen_full.u_ss1/u_ctrl/x_next_reg[21]0                                                                              | audio_system_i/u_dsp/U0/u_top/gen_dsp.u_xover/resetn_0                                                                                          |               17 |             24 |         1.41 |
|  audio_system_i/aud_clkwiz/inst/clk_out1 | audio_system_i/u_dsp/U0/u_top/gen_dsp.gen_full.u_ss1/u_ctrl/x_next_reg[29]0                                                                              | audio_system_i/u_dsp/U0/u_top/gen_dsp.u_xover/resetn_0                                                                                          |               12 |             24 |         2.00 |
|  audio_system_i/aud_clkwiz/inst/clk_out1 | audio_system_i/u_dsp/U0/u_top/gen_dsp.gen_full.u_ss1/u_ctrl/x_next_reg[7]0                                                                               | audio_system_i/u_dsp/U0/u_top/gen_dsp.u_xover/resetn_0                                                                                          |               19 |             24 |         1.26 |
|  audio_system_i/aud_clkwiz/inst/clk_out1 | audio_system_i/u_dsp/U0/u_top/gen_dsp.gen_full.u_ss1/u_ctrl/x_next_reg[2]0                                                                               | audio_system_i/u_dsp/U0/u_top/gen_dsp.u_xover/resetn_0                                                                                          |               14 |             24 |         1.71 |
|  audio_system_i/aud_clkwiz/inst/clk_out1 | audio_system_i/u_dsp/U0/u_top/gen_dsp.gen_full.u_ss1/u_ctrl/x_next_reg[17]0                                                                              | audio_system_i/u_dsp/U0/u_top/gen_dsp.u_xover/resetn_0                                                                                          |               18 |             24 |         1.33 |
|  audio_system_i/aud_clkwiz/inst/clk_out1 | audio_system_i/u_dsp/U0/u_top/gen_dsp.gen_full.u_ss1/u_ctrl/x_next_reg[22]0                                                                              | audio_system_i/u_dsp/U0/u_top/gen_dsp.u_xover/resetn_0                                                                                          |               18 |             24 |         1.33 |
|  audio_system_i/aud_clkwiz/inst/clk_out1 | audio_system_i/u_dsp/U0/u_top/gen_dsp.gen_full.u_ss1/u_ctrl/x_next_reg[4]0                                                                               | audio_system_i/u_dsp/U0/u_top/gen_dsp.u_xover/resetn_0                                                                                          |               17 |             24 |         1.41 |
|  audio_system_i/aud_clkwiz/inst/clk_out1 | audio_system_i/u_dsp/U0/u_top/gen_dsp.gen_full.u_ss1/u_ctrl/x_next_reg[12]0                                                                              | audio_system_i/u_dsp/U0/u_top/gen_dsp.u_xover/resetn_0                                                                                          |               19 |             24 |         1.26 |
|  audio_system_i/aud_clkwiz/inst/clk_out1 | audio_system_i/u_dsp/U0/u_top/gen_dsp.gen_full.u_ss1/u_ctrl/x_next_reg[14]0                                                                              | audio_system_i/u_dsp/U0/u_top/gen_dsp.u_xover/resetn_0                                                                                          |               17 |             24 |         1.41 |
|  audio_system_i/aud_clkwiz/inst/clk_out1 | audio_system_i/u_dsp/U0/u_top/gen_dsp.gen_full.u_ss1/u_ctrl/x_next_reg[1]0                                                                               | audio_system_i/u_dsp/U0/u_top/gen_dsp.u_xover/resetn_0                                                                                          |               15 |             24 |         1.60 |
|  audio_system_i/aud_clkwiz/inst/clk_out1 | audio_system_i/u_dsp/U0/u_top/gen_dsp.gen_full.u_ss1/u_ctrl/x_next_reg[18]0                                                                              | audio_system_i/u_dsp/U0/u_top/gen_dsp.u_xover/resetn_0                                                                                          |               20 |             24 |         1.20 |
|  audio_system_i/aud_clkwiz/inst/clk_out1 | audio_system_i/u_dsp/U0/u_top/gen_dsp.gen_full.u_ss1/u_ctrl/x_next_reg[3]0                                                                               | audio_system_i/u_dsp/U0/u_top/gen_dsp.u_xover/resetn_0                                                                                          |               18 |             24 |         1.33 |
|  audio_system_i/aud_clkwiz/inst/clk_out1 | audio_system_i/u_dsp/U0/u_top/gen_dsp.gen_full.u_ss1/u_ctrl/x_next_reg[5]0                                                                               | audio_system_i/u_dsp/U0/u_top/gen_dsp.u_xover/resetn_0                                                                                          |               19 |             24 |         1.26 |
|  audio_system_i/aud_clkwiz/inst/clk_out1 | audio_system_i/u_dsp/U0/u_top/gen_dsp.gen_full.u_ss1/u_ctrl/x_next_reg[11]0                                                                              | audio_system_i/u_dsp/U0/u_top/gen_dsp.u_xover/resetn_0                                                                                          |               14 |             24 |         1.71 |
|  audio_system_i/aud_clkwiz/inst/clk_out1 | audio_system_i/u_dsp/U0/u_top/gen_dsp.gen_full.u_ss1/u_ctrl/x_next_reg[6]0                                                                               | audio_system_i/u_dsp/U0/u_top/gen_dsp.u_xover/resetn_0                                                                                          |               18 |             24 |         1.33 |
|  audio_system_i/aud_clkwiz/inst/clk_out1 | audio_system_i/u_dsp/U0/u_top/gen_dsp.gen_full.u_ss1/u_ctrl/x_next_reg[8]0                                                                               | audio_system_i/u_dsp/U0/u_top/gen_dsp.u_xover/resetn_0                                                                                          |               17 |             24 |         1.41 |
|  audio_system_i/aud_clkwiz/inst/clk_out1 | audio_system_i/u_dsp/U0/u_top/gen_dsp.gen_full.u_ss1/u_ctrl/x_next_reg[24]0                                                                              | audio_system_i/u_dsp/U0/u_top/gen_dsp.u_xover/resetn_0                                                                                          |               20 |             24 |         1.20 |
|  audio_system_i/aud_clkwiz/inst/clk_out1 | audio_system_i/u_dsp/U0/u_top/gen_dsp.gen_full.u_ss1/u_ctrl/x_next_reg[16]0                                                                              | audio_system_i/u_dsp/U0/u_top/gen_dsp.u_xover/resetn_0                                                                                          |               16 |             24 |         1.50 |
|  audio_system_i/aud_clkwiz/inst/clk_out1 | audio_system_i/u_dsp/U0/u_top/gen_dsp.gen_full.u_ss1/u_ctrl/x_next_reg[25]0                                                                              | audio_system_i/u_dsp/U0/u_top/gen_dsp.u_xover/resetn_0                                                                                          |               18 |             24 |         1.33 |
|  audio_system_i/aud_clkwiz/inst/clk_out1 | audio_system_i/u_dsp/U0/u_top/gen_dsp.gen_full.u_ss1/u_ctrl/x_next_reg[0]0                                                                               | audio_system_i/u_dsp/U0/u_top/gen_dsp.u_xover/resetn_0                                                                                          |               15 |             24 |         1.60 |
|  audio_system_i/aud_clkwiz/inst/clk_out1 | audio_system_i/u_dsp/U0/u_top/gen_dsp.gen_full.u_ss1/u_ctrl/x_next_reg[28]0                                                                              | audio_system_i/u_dsp/U0/u_top/gen_dsp.u_xover/resetn_0                                                                                          |               14 |             24 |         1.71 |
|  audio_system_i/aud_clkwiz/inst/clk_out1 | audio_system_i/u_dsp/U0/u_top/gen_dsp.gen_full.u_ss1/u_ctrl/x_next_reg[9]0                                                                               | audio_system_i/u_dsp/U0/u_top/gen_dsp.u_xover/resetn_0                                                                                          |               16 |             24 |         1.50 |
|  audio_system_i/aud_clkwiz/inst/clk_out1 | audio_system_i/u_dsp/U0/u_top/gen_dsp.gen_full.u_ss1/u_ctrl/x_next_reg[13]0                                                                              | audio_system_i/u_dsp/U0/u_top/gen_dsp.u_xover/resetn_0                                                                                          |               17 |             24 |         1.41 |
|  audio_system_i/aud_clkwiz/inst/clk_out1 | audio_system_i/u_dsp/U0/u_top/gen_dsp.gen_full.u_ss1/u_ctrl/x_next_reg[23]0                                                                              | audio_system_i/u_dsp/U0/u_top/gen_dsp.u_xover/resetn_0                                                                                          |               19 |             24 |         1.26 |
|  audio_system_i/aud_clkwiz/inst/clk_out1 | audio_system_i/u_dsp/U0/u_top/gen_dsp.gen_full.u_ss1/u_ctrl/x_next_reg[10]0                                                                              | audio_system_i/u_dsp/U0/u_top/gen_dsp.u_xover/resetn_0                                                                                          |               13 |             24 |         1.85 |
|  audio_system_i/aud_clkwiz/inst/clk_out1 | audio_system_i/u_dsp/U0/u_top/gen_dsp.gen_full.u_ss1/u_ctrl/x_next_reg[26]0                                                                              | audio_system_i/u_dsp/U0/u_top/gen_dsp.u_xover/resetn_0                                                                                          |               20 |             24 |         1.20 |
|  audio_system_i/aud_clkwiz/inst/clk_out1 | audio_system_i/u_dsp/U0/u_top/gen_dsp.gen_full.u_ss1/u_ctrl/x_next_reg[27]0                                                                              | audio_system_i/u_dsp/U0/u_top/gen_dsp.u_xover/resetn_0                                                                                          |               16 |             24 |         1.50 |
|  audio_system_i/aud_clkwiz/inst/clk_out1 | audio_system_i/u_dsp/U0/u_top/gen_dsp.gen_full.u_ss1/u_ctrl/x_next_reg[15]0                                                                              | audio_system_i/u_dsp/U0/u_top/gen_dsp.u_xover/resetn_0                                                                                          |               18 |             24 |         1.33 |
|  audio_system_i/aud_clkwiz/inst/clk_out1 | audio_system_i/u_dsp/U0/u_top/gen_dsp.gen_full.u_ss1/u_ctrl/x_next_reg[20]0                                                                              | audio_system_i/u_dsp/U0/u_top/gen_dsp.u_xover/resetn_0                                                                                          |               21 |             24 |         1.14 |
|  audio_system_i/aud_clkwiz/inst/clk_out1 | audio_system_i/u_dsp/U0/u_top/gen_dsp.gen_full.u_ss1/u_ctrl/CEA1                                                                                         | audio_system_i/u_dsp/U0/u_top/gen_dsp.u_xover/resetn_0                                                                                          |                9 |             24 |         2.67 |
|  audio_system_i/aud_clkwiz/inst/clk_out1 | audio_system_i/u_dsp/U0/u_top/gen_dsp.gen_full.u_ss1/u_ctrl/acc                                                                                          | audio_system_i/u_dsp/U0/u_top/gen_dsp.u_xover/resetn_0                                                                                          |                8 |             24 |         3.00 |
|  audio_system_i/aud_clkwiz/inst/clk_out1 | audio_system_i/u_dsp/U0/u_top/gen_dsp.gen_full.u_ss1/u_ctrl/u_c_out[23]_i_1_n_0                                                                          | audio_system_i/u_dsp/U0/u_top/gen_dsp.u_xover/resetn_0                                                                                          |                6 |             24 |         4.00 |
|  audio_system_i/aud_clkwiz/inst/clk_out1 | audio_system_i/u_dsp/U0/u_top/gen_dsp.gen_full.u_ss1/u_ctrl/u_reg[23]_i_1_n_0                                                                            | audio_system_i/u_dsp/U0/u_top/gen_dsp.u_xover/resetn_0                                                                                          |                9 |             24 |         2.67 |
|  audio_system_i/aud_clkwiz/inst/clk_out1 | audio_system_i/iic_codec/U0/X_IIC/X_AXI_IPIF_SSP1/AXI_LITE_IPIF_I/I_SLAVE_ATTACHMENT/start2                                                              | audio_system_i/iic_codec/U0/X_IIC/X_AXI_IPIF_SSP1/AXI_LITE_IPIF_I/I_SLAVE_ATTACHMENT/I_DECODER/cs_ce_clr                                        |                8 |             24 |         3.00 |
|  audio_system_i/aud_clkwiz/inst/clk_out1 | audio_system_i/u_dsp/U0/u_i2s/out_l_reg2                                                                                                                 | audio_system_i/u_dsp/U0/u_top/gen_dsp.u_xover/resetn_0                                                                                          |                7 |             24 |         3.43 |
|  audio_system_i/aud_clkwiz/inst/clk_out1 | audio_system_i/u_dsp/U0/u_top/gen_dsp.gen_full.u_ss3/u_ctrl/u_c_out[23]_i_1__1_n_0                                                                       | audio_system_i/u_dsp/U0/u_top/gen_dsp.u_xover/resetn_0                                                                                          |                6 |             24 |         4.00 |
|  audio_system_i/aud_clkwiz/inst/clk_out1 | audio_system_i/u_dsp/U0/u_top/gen_dsp.gen_full.u_ss3/u_ctrl/x_next_reg[13]0                                                                              | audio_system_i/u_dsp/U0/u_top/gen_dsp.u_xover/resetn_0                                                                                          |               17 |             24 |         1.41 |
|  audio_system_i/aud_clkwiz/inst/clk_out1 | audio_system_i/u_dsp/U0/u_top/gen_dsp.gen_full.u_ss3/u_ctrl/x_next_reg[12]0                                                                              | audio_system_i/u_dsp/U0/u_top/gen_dsp.u_xover/resetn_0                                                                                          |               15 |             24 |         1.60 |
|  audio_system_i/aud_clkwiz/inst/clk_out1 | audio_system_i/u_dsp/U0/u_top/gen_dsp.gen_full.u_ss3/u_ctrl/x_next_reg[15]0                                                                              | audio_system_i/u_dsp/U0/u_top/gen_dsp.u_xover/resetn_0                                                                                          |               20 |             24 |         1.20 |
|  audio_system_i/aud_clkwiz/inst/clk_out1 | audio_system_i/u_dsp/U0/u_top/gen_dsp.gen_full.u_ss3/u_ctrl/u_reg[23]_i_1__1_n_0                                                                         | audio_system_i/u_dsp/U0/u_top/gen_dsp.u_xover/resetn_0                                                                                          |                4 |             24 |         6.00 |
|  audio_system_i/aud_clkwiz/inst/clk_out1 | audio_system_i/u_dsp/U0/u_top/gen_dsp.gen_full.u_ss3/u_ctrl/x_next_reg[18]0                                                                              | audio_system_i/u_dsp/U0/u_top/gen_dsp.u_xover/resetn_0                                                                                          |               18 |             24 |         1.33 |
|  audio_system_i/aud_clkwiz/inst/clk_out1 | audio_system_i/u_dsp/U0/u_top/gen_dsp.gen_full.u_ss3/u_ctrl/x_next_reg[21]0                                                                              | audio_system_i/u_dsp/U0/u_top/gen_dsp.u_xover/resetn_0                                                                                          |               16 |             24 |         1.50 |
|  audio_system_i/aud_clkwiz/inst/clk_out1 | audio_system_i/u_dsp/U0/u_top/gen_dsp.gen_full.u_ss3/u_ctrl/x_next_reg[28]0                                                                              | audio_system_i/u_dsp/U0/u_top/gen_dsp.u_xover/resetn_0                                                                                          |               15 |             24 |         1.60 |
|  audio_system_i/aud_clkwiz/inst/clk_out1 | audio_system_i/u_dsp/U0/u_top/gen_dsp.gen_full.u_ss3/u_ctrl/x_next_reg[29]0                                                                              | audio_system_i/u_dsp/U0/u_top/gen_dsp.u_xover/resetn_0                                                                                          |               15 |             24 |         1.60 |
|  audio_system_i/aud_clkwiz/inst/clk_out1 | audio_system_i/u_dsp/U0/u_top/gen_dsp.gen_full.u_ss3/u_ctrl/x_next_reg[5]0                                                                               | audio_system_i/u_dsp/U0/u_top/gen_dsp.u_xover/resetn_0                                                                                          |               17 |             24 |         1.41 |
|  audio_system_i/aud_clkwiz/inst/clk_out1 | audio_system_i/u_dsp/U0/u_top/gen_dsp.gen_full.u_ss3/u_ctrl/x_next_reg[1]0                                                                               | audio_system_i/u_dsp/U0/u_top/gen_dsp.u_xover/resetn_0                                                                                          |               13 |             24 |         1.85 |
|  audio_system_i/aud_clkwiz/inst/clk_out1 | audio_system_i/u_dsp/U0/u_top/gen_dsp.gen_full.u_ss3/u_ctrl/x_next_reg[2]0                                                                               | audio_system_i/u_dsp/U0/u_top/gen_dsp.u_xover/resetn_0                                                                                          |               16 |             24 |         1.50 |
|  audio_system_i/aud_clkwiz/inst/clk_out1 | audio_system_i/u_dsp/U0/u_top/gen_dsp.gen_full.u_ss3/u_ctrl/x_next_reg[26]0                                                                              | audio_system_i/u_dsp/U0/u_top/gen_dsp.u_xover/resetn_0                                                                                          |               14 |             24 |         1.71 |
|  audio_system_i/aud_clkwiz/inst/clk_out1 | audio_system_i/u_dsp/U0/u_top/gen_dsp.gen_full.u_ss3/u_ctrl/x_next_reg[4]0                                                                               | audio_system_i/u_dsp/U0/u_top/gen_dsp.u_xover/resetn_0                                                                                          |               18 |             24 |         1.33 |
|  audio_system_i/aud_clkwiz/inst/clk_out1 | audio_system_i/u_dsp/U0/u_top/gen_dsp.gen_full.u_ss3/u_ctrl/x_next_reg[27]0                                                                              | audio_system_i/u_dsp/U0/u_top/gen_dsp.u_xover/resetn_0                                                                                          |               10 |             24 |         2.40 |
|  audio_system_i/aud_clkwiz/inst/clk_out1 | audio_system_i/u_dsp/U0/u_top/gen_dsp.gen_full.u_ss3/u_ctrl/x_next_reg[23]0                                                                              | audio_system_i/u_dsp/U0/u_top/gen_dsp.u_xover/resetn_0                                                                                          |               17 |             24 |         1.41 |
|  audio_system_i/aud_clkwiz/inst/clk_out1 | audio_system_i/u_dsp/U0/u_top/gen_dsp.gen_full.u_ss3/u_ctrl/x_next_reg[8]0                                                                               | audio_system_i/u_dsp/U0/u_top/gen_dsp.u_xover/resetn_0                                                                                          |               15 |             24 |         1.60 |
|  audio_system_i/aud_clkwiz/inst/clk_out1 | audio_system_i/u_dsp/U0/u_top/gen_dsp.gen_full.u_ss3/u_ctrl/x_next_reg[16]0                                                                              | audio_system_i/u_dsp/U0/u_top/gen_dsp.u_xover/resetn_0                                                                                          |               16 |             24 |         1.50 |
|  audio_system_i/aud_clkwiz/inst/clk_out1 | audio_system_i/u_dsp/U0/u_top/gen_dsp.gen_full.u_ss3/u_ctrl/x_next_reg[10]0                                                                              | audio_system_i/u_dsp/U0/u_top/gen_dsp.u_xover/resetn_0                                                                                          |               15 |             24 |         1.60 |
|  audio_system_i/aud_clkwiz/inst/clk_out1 | audio_system_i/u_dsp/U0/u_top/gen_dsp.gen_full.u_ss3/u_ctrl/x_next_reg[20]0                                                                              | audio_system_i/u_dsp/U0/u_top/gen_dsp.u_xover/resetn_0                                                                                          |               16 |             24 |         1.50 |
|  audio_system_i/aud_clkwiz/inst/clk_out1 | audio_system_i/u_dsp/U0/u_top/gen_dsp.gen_full.u_ss3/u_ctrl/x_next_reg[25]0                                                                              | audio_system_i/u_dsp/U0/u_top/gen_dsp.u_xover/resetn_0                                                                                          |               18 |             24 |         1.33 |
|  audio_system_i/aud_clkwiz/inst/clk_out1 | audio_system_i/u_dsp/U0/u_top/gen_dsp.gen_full.u_ss3/u_ctrl/x_next_reg[9]0                                                                               | audio_system_i/u_dsp/U0/u_top/gen_dsp.u_xover/resetn_0                                                                                          |               16 |             24 |         1.50 |
|  audio_system_i/aud_clkwiz/inst/clk_out1 | audio_system_i/u_dsp/U0/u_top/gen_dsp.gen_full.u_ss3/u_ctrl/x_next_reg[0]0                                                                               | audio_system_i/u_dsp/U0/u_top/gen_dsp.u_xover/resetn_0                                                                                          |               17 |             24 |         1.41 |
|  audio_system_i/aud_clkwiz/inst/clk_out1 | audio_system_i/u_dsp/U0/u_top/gen_dsp.gen_full.u_ss3/u_ctrl/x_next_reg[19]0                                                                              | audio_system_i/u_dsp/U0/u_top/gen_dsp.u_xover/resetn_0                                                                                          |               17 |             24 |         1.41 |
|  audio_system_i/aud_clkwiz/inst/clk_out1 | audio_system_i/u_dsp/U0/u_top/gen_dsp.gen_full.u_ss3/u_ctrl/x_next_reg[22]0                                                                              | audio_system_i/u_dsp/U0/u_top/gen_dsp.u_xover/resetn_0                                                                                          |               17 |             24 |         1.41 |
|  audio_system_i/aud_clkwiz/inst/clk_out1 | audio_system_i/u_dsp/U0/u_top/gen_dsp.gen_full.u_ss3/u_ctrl/x_next_reg[11]0                                                                              | audio_system_i/u_dsp/U0/u_top/gen_dsp.u_xover/resetn_0                                                                                          |               15 |             24 |         1.60 |
|  audio_system_i/aud_clkwiz/inst/clk_out1 | audio_system_i/u_dsp/U0/u_top/gen_dsp.gen_full.u_ss3/u_ctrl/x_next_reg[14]0                                                                              | audio_system_i/u_dsp/U0/u_top/gen_dsp.u_xover/resetn_0                                                                                          |               17 |             24 |         1.41 |
|  audio_system_i/aud_clkwiz/inst/clk_out1 | audio_system_i/u_dsp/U0/u_top/gen_dsp.gen_full.u_ss3/u_ctrl/x_next_reg[24]0                                                                              | audio_system_i/u_dsp/U0/u_top/gen_dsp.u_xover/resetn_0                                                                                          |               17 |             24 |         1.41 |
|  audio_system_i/aud_clkwiz/inst/clk_out1 | audio_system_i/u_dsp/U0/u_top/gen_dsp.gen_full.u_ss3/u_ctrl/x_next_reg[3]0                                                                               | audio_system_i/u_dsp/U0/u_top/gen_dsp.u_xover/resetn_0                                                                                          |               19 |             24 |         1.26 |
|  audio_system_i/aud_clkwiz/inst/clk_out1 | audio_system_i/u_dsp/U0/u_top/gen_dsp.gen_full.u_ss3/u_ctrl/x_next_reg[6]0                                                                               | audio_system_i/u_dsp/U0/u_top/gen_dsp.u_xover/resetn_0                                                                                          |               18 |             24 |         1.33 |
|  audio_system_i/aud_clkwiz/inst/clk_out1 | audio_system_i/u_dsp/U0/u_top/gen_dsp.gen_full.u_ss3/u_ctrl/x_next_reg[7]0                                                                               | audio_system_i/u_dsp/U0/u_top/gen_dsp.u_xover/resetn_0                                                                                          |               15 |             24 |         1.60 |
|  audio_system_i/aud_clkwiz/inst/clk_out1 | audio_system_i/u_dsp/U0/u_top/gen_dsp.gen_full.u_ss2/u_ctrl/acc                                                                                          | audio_system_i/u_dsp/U0/u_top/gen_dsp.u_xover/resetn_0                                                                                          |                9 |             24 |         2.67 |
|  audio_system_i/aud_clkwiz/inst/clk_out1 | audio_system_i/u_dsp/U0/u_top/gen_dsp.gen_full.u_ss2/u_ctrl/CEA1                                                                                         | audio_system_i/u_dsp/U0/u_top/gen_dsp.u_xover/resetn_0                                                                                          |               10 |             24 |         2.40 |
|  audio_system_i/aud_clkwiz/inst/clk_out1 | audio_system_i/u_dsp/U0/u_top/gen_dsp.gen_full.u_ss1/u_ctrl/x_next_reg[19]0                                                                              | audio_system_i/u_dsp/U0/u_top/gen_dsp.u_xover/resetn_0                                                                                          |               20 |             24 |         1.20 |
|  audio_system_i/aud_clkwiz/inst/clk_out1 | audio_system_i/u_dsp/U0/u_top/gen_dsp.gen_full.u_ss2/u_ctrl/u_c_out[23]_i_1__0_n_0                                                                       | audio_system_i/u_dsp/U0/u_top/gen_dsp.u_xover/resetn_0                                                                                          |                7 |             24 |         3.43 |
|  audio_system_i/aud_clkwiz/inst/clk_out1 | audio_system_i/u_dsp/U0/u_top/gen_dsp.gen_full.u_ss2/u_ctrl/u_reg[23]_i_1__0_n_0                                                                         | audio_system_i/u_dsp/U0/u_top/gen_dsp.u_xover/resetn_0                                                                                          |                6 |             24 |         4.00 |
|  audio_system_i/aud_clkwiz/inst/clk_out1 | audio_system_i/u_dsp/U0/u_top/gen_dsp.gen_full.u_ss2/u_ctrl/x_next_reg[10]0                                                                              | audio_system_i/u_dsp/U0/u_top/gen_dsp.u_xover/resetn_0                                                                                          |               15 |             24 |         1.60 |
|  audio_system_i/aud_clkwiz/inst/clk_out1 | audio_system_i/u_dsp/U0/u_top/gen_dsp.gen_full.u_ss2/u_ctrl/x_next_reg[11]0                                                                              | audio_system_i/u_dsp/U0/u_top/gen_dsp.u_xover/resetn_0                                                                                          |               17 |             24 |         1.41 |
|  audio_system_i/aud_clkwiz/inst/clk_out1 | audio_system_i/u_dsp/U0/u_top/gen_dsp.gen_full.u_ss2/u_ctrl/x_next_reg[13]0                                                                              | audio_system_i/u_dsp/U0/u_top/gen_dsp.u_xover/resetn_0                                                                                          |               22 |             24 |         1.09 |
|  audio_system_i/aud_clkwiz/inst/clk_out1 | audio_system_i/u_dsp/U0/u_top/gen_dsp.gen_full.u_ss2/u_ctrl/x_next_reg[15]0                                                                              | audio_system_i/u_dsp/U0/u_top/gen_dsp.u_xover/resetn_0                                                                                          |               18 |             24 |         1.33 |
|  audio_system_i/aud_clkwiz/inst/clk_out1 | audio_system_i/u_dsp/U0/u_top/gen_dsp.gen_full.u_ss2/u_ctrl/x_next_reg[16]0                                                                              | audio_system_i/u_dsp/U0/u_top/gen_dsp.u_xover/resetn_0                                                                                          |               18 |             24 |         1.33 |
|  audio_system_i/aud_clkwiz/inst/clk_out1 | audio_system_i/u_dsp/U0/u_top/gen_dsp.gen_full.u_ss2/u_ctrl/x_next_reg[17]0                                                                              | audio_system_i/u_dsp/U0/u_top/gen_dsp.u_xover/resetn_0                                                                                          |               16 |             24 |         1.50 |
|  audio_system_i/aud_clkwiz/inst/clk_out1 | audio_system_i/u_dsp/U0/u_top/gen_dsp.gen_full.u_ss2/u_ctrl/x_next_reg[18]0                                                                              | audio_system_i/u_dsp/U0/u_top/gen_dsp.u_xover/resetn_0                                                                                          |               16 |             24 |         1.50 |
|  audio_system_i/aud_clkwiz/inst/clk_out1 | audio_system_i/u_dsp/U0/u_top/gen_dsp.gen_full.u_ss2/u_ctrl/x_next_reg[14]0                                                                              | audio_system_i/u_dsp/U0/u_top/gen_dsp.u_xover/resetn_0                                                                                          |               15 |             24 |         1.60 |
|  audio_system_i/aud_clkwiz/inst/clk_out1 | audio_system_i/u_dsp/U0/u_top/gen_dsp.gen_full.u_ss2/u_ctrl/x_next_reg[0]0                                                                               | audio_system_i/u_dsp/U0/u_top/gen_dsp.u_xover/resetn_0                                                                                          |               17 |             24 |         1.41 |
|  audio_system_i/aud_clkwiz/inst/clk_out1 | audio_system_i/u_dsp/U0/u_top/gen_dsp.gen_full.u_ss2/u_ctrl/x_next_reg[12]0                                                                              | audio_system_i/u_dsp/U0/u_top/gen_dsp.u_xover/resetn_0                                                                                          |               13 |             24 |         1.85 |
|  audio_system_i/aud_clkwiz/inst/clk_out1 | audio_system_i/u_dsp/U0/u_top/gen_dsp.gen_full.u_ss2/u_ctrl/x_next_reg[2]0                                                                               | audio_system_i/u_dsp/U0/u_top/gen_dsp.u_xover/resetn_0                                                                                          |               18 |             24 |         1.33 |
|  audio_system_i/aud_clkwiz/inst/clk_out1 | audio_system_i/u_dsp/U0/u_top/gen_dsp.gen_full.u_ss2/u_ctrl/x_next_reg[20]0                                                                              | audio_system_i/u_dsp/U0/u_top/gen_dsp.u_xover/resetn_0                                                                                          |               18 |             24 |         1.33 |
|  audio_system_i/aud_clkwiz/inst/clk_out1 | audio_system_i/u_dsp/U0/u_top/gen_dsp.gen_full.u_ss2/u_ctrl/x_next_reg[24]0                                                                              | audio_system_i/u_dsp/U0/u_top/gen_dsp.u_xover/resetn_0                                                                                          |               14 |             24 |         1.71 |
|  audio_system_i/aud_clkwiz/inst/clk_out1 | audio_system_i/u_dsp/U0/u_top/gen_dsp.gen_full.u_ss2/u_ctrl/x_next_reg[7]0                                                                               | audio_system_i/u_dsp/U0/u_top/gen_dsp.u_xover/resetn_0                                                                                          |               17 |             24 |         1.41 |
|  audio_system_i/aud_clkwiz/inst/clk_out1 | audio_system_i/u_dsp/U0/u_top/gen_dsp.gen_full.u_ss2/u_ctrl/x_next_reg[1]0                                                                               | audio_system_i/u_dsp/U0/u_top/gen_dsp.u_xover/resetn_0                                                                                          |               15 |             24 |         1.60 |
|  audio_system_i/aud_clkwiz/inst/clk_out1 | audio_system_i/u_dsp/U0/u_top/gen_dsp.gen_full.u_ss2/u_ctrl/x_next_reg[25]0                                                                              | audio_system_i/u_dsp/U0/u_top/gen_dsp.u_xover/resetn_0                                                                                          |               15 |             24 |         1.60 |
|  audio_system_i/aud_clkwiz/inst/clk_out1 | audio_system_i/u_dsp/U0/u_top/gen_dsp.gen_full.u_ss2/u_ctrl/x_next_reg[28]0                                                                              | audio_system_i/u_dsp/U0/u_top/gen_dsp.u_xover/resetn_0                                                                                          |               15 |             24 |         1.60 |
|  audio_system_i/aud_clkwiz/inst/clk_out1 | audio_system_i/u_dsp/U0/u_top/gen_dsp.gen_full.u_ss2/u_ctrl/x_next_reg[8]0                                                                               | audio_system_i/u_dsp/U0/u_top/gen_dsp.u_xover/resetn_0                                                                                          |               19 |             24 |         1.26 |
|  audio_system_i/aud_clkwiz/inst/clk_out1 | audio_system_i/u_dsp/U0/u_top/gen_dsp.gen_full.u_ss2/u_ctrl/x_next_reg[4]0                                                                               | audio_system_i/u_dsp/U0/u_top/gen_dsp.u_xover/resetn_0                                                                                          |               17 |             24 |         1.41 |
|  audio_system_i/aud_clkwiz/inst/clk_out1 | audio_system_i/u_dsp/U0/u_top/gen_dsp.gen_full.u_ss2/u_ctrl/x_next_reg[27]0                                                                              | audio_system_i/u_dsp/U0/u_top/gen_dsp.u_xover/resetn_0                                                                                          |               15 |             24 |         1.60 |
|  audio_system_i/aud_clkwiz/inst/clk_out1 | audio_system_i/u_dsp/U0/u_top/gen_dsp.gen_full.u_ss2/u_ctrl/x_next_reg[23]0                                                                              | audio_system_i/u_dsp/U0/u_top/gen_dsp.u_xover/resetn_0                                                                                          |               16 |             24 |         1.50 |
|  audio_system_i/aud_clkwiz/inst/clk_out1 | audio_system_i/u_dsp/U0/u_top/gen_dsp.gen_full.u_ss2/u_ctrl/x_next_reg[5]0                                                                               | audio_system_i/u_dsp/U0/u_top/gen_dsp.u_xover/resetn_0                                                                                          |               16 |             24 |         1.50 |
|  audio_system_i/aud_clkwiz/inst/clk_out1 | audio_system_i/u_dsp/U0/u_top/gen_dsp.gen_full.u_ss2/u_ctrl/x_next_reg[6]0                                                                               | audio_system_i/u_dsp/U0/u_top/gen_dsp.u_xover/resetn_0                                                                                          |               18 |             24 |         1.33 |
|  audio_system_i/aud_clkwiz/inst/clk_out1 | audio_system_i/u_dsp/U0/u_top/gen_dsp.gen_full.u_ss2/u_ctrl/x_next_reg[21]0                                                                              | audio_system_i/u_dsp/U0/u_top/gen_dsp.u_xover/resetn_0                                                                                          |               14 |             24 |         1.71 |
|  audio_system_i/aud_clkwiz/inst/clk_out1 | audio_system_i/u_dsp/U0/u_top/gen_dsp.gen_full.u_ss2/u_ctrl/x_next_reg[29]0                                                                              | audio_system_i/u_dsp/U0/u_top/gen_dsp.u_xover/resetn_0                                                                                          |               14 |             24 |         1.71 |
|  audio_system_i/aud_clkwiz/inst/clk_out1 | audio_system_i/u_dsp/U0/u_top/gen_dsp.gen_full.u_ss2/u_ctrl/x_next_reg[19]0                                                                              | audio_system_i/u_dsp/U0/u_top/gen_dsp.u_xover/resetn_0                                                                                          |               18 |             24 |         1.33 |
|  audio_system_i/aud_clkwiz/inst/clk_out1 | audio_system_i/u_dsp/U0/u_top/gen_dsp.gen_full.u_ss2/u_ctrl/x_next_reg[3]0                                                                               | audio_system_i/u_dsp/U0/u_top/gen_dsp.u_xover/resetn_0                                                                                          |               18 |             24 |         1.33 |
|  audio_system_i/aud_clkwiz/inst/clk_out1 | audio_system_i/u_dsp/U0/u_top/gen_dsp.gen_full.u_ss2/u_ctrl/x_next_reg[9]0                                                                               | audio_system_i/u_dsp/U0/u_top/gen_dsp.u_xover/resetn_0                                                                                          |               18 |             24 |         1.33 |
|  audio_system_i/aud_clkwiz/inst/clk_out1 | audio_system_i/u_dsp/U0/u_top/gen_dsp.gen_full.u_ss2/u_ctrl/x_next_reg[22]0                                                                              | audio_system_i/u_dsp/U0/u_top/gen_dsp.u_xover/resetn_0                                                                                          |               19 |             24 |         1.26 |
|  audio_system_i/aud_clkwiz/inst/clk_out1 | audio_system_i/u_dsp/U0/u_top/gen_dsp.gen_full.u_ss2/u_ctrl/x_next_reg[26]0                                                                              | audio_system_i/u_dsp/U0/u_top/gen_dsp.u_xover/resetn_0                                                                                          |               14 |             24 |         1.71 |
|  audio_system_i/aud_clkwiz/inst/clk_out1 | audio_system_i/u_dsp/U0/u_top/gen_dsp.gen_full.u_ss3/u_ctrl/acc                                                                                          | audio_system_i/u_dsp/U0/u_top/gen_dsp.u_xover/resetn_0                                                                                          |                7 |             24 |         3.43 |
|  audio_system_i/aud_clkwiz/inst/clk_out1 | audio_system_i/u_dsp/U0/u_top/gen_dsp.gen_full.u_ss3/u_ctrl/CEA1                                                                                         | audio_system_i/u_dsp/U0/u_top/gen_dsp.u_xover/resetn_0                                                                                          |                9 |             24 |         2.67 |
|  audio_system_i/aud_clkwiz/inst/clk_out1 | audio_system_i/axi_ic/s00_couplers/auto_pc/inst/gen_axilite.gen_b2s_conv.axilite_b2s/WR.aw_channel_0/aw_cmd_fsm_0/FSM_sequential_state_reg[0]_1          |                                                                                                                                                 |               10 |             24 |         2.40 |
|  audio_system_i/aud_clkwiz/inst/clk_out1 | audio_system_i/u_dsp/U0/u_top/gen_dsp.gen_full.u_ss4/u_ctrl/acc                                                                                          | audio_system_i/u_dsp/U0/u_top/gen_dsp.u_xover/resetn_0                                                                                          |               12 |             24 |         2.00 |
|  audio_system_i/aud_clkwiz/inst/clk_out1 | audio_system_i/u_dsp/U0/u_top/gen_dsp.gen_full.u_ss4/u_ctrl/CEA1                                                                                         | audio_system_i/u_dsp/U0/u_top/gen_dsp.u_xover/resetn_0                                                                                          |                8 |             24 |         3.00 |
|  audio_system_i/aud_clkwiz/inst/clk_out1 | audio_system_i/u_dsp/U0/u_top/gen_dsp.gen_full.u_ss4/u_ctrl/u_c_out[23]_i_1__2_n_0                                                                       | audio_system_i/u_dsp/U0/u_top/gen_dsp.u_xover/resetn_0                                                                                          |                6 |             24 |         4.00 |
|  audio_system_i/aud_clkwiz/inst/clk_out1 | audio_system_i/u_dsp/U0/u_top/gen_dsp.gen_full.u_ss4/u_ctrl/u_reg[23]_i_1__2_n_0                                                                         | audio_system_i/u_dsp/U0/u_top/gen_dsp.u_xover/resetn_0                                                                                          |                9 |             24 |         2.67 |
|  audio_system_i/aud_clkwiz/inst/clk_out1 | audio_system_i/u_dsp/U0/u_top/gen_dsp.gen_full.u_ss4/u_ctrl/x_next_reg[1]0                                                                               | audio_system_i/u_dsp/U0/u_top/gen_dsp.u_xover/resetn_0                                                                                          |               16 |             24 |         1.50 |
|  audio_system_i/aud_clkwiz/inst/clk_out1 | audio_system_i/u_dsp/U0/u_top/gen_dsp.gen_full.u_ss4/u_ctrl/x_next_reg[26]0                                                                              | audio_system_i/u_dsp/U0/u_top/gen_dsp.u_xover/resetn_0                                                                                          |               16 |             24 |         1.50 |
|  audio_system_i/aud_clkwiz/inst/clk_out1 | audio_system_i/u_dsp/U0/u_top/gen_dsp.gen_full.u_ss4/u_ctrl/x_next_reg[0]0                                                                               | audio_system_i/u_dsp/U0/u_top/gen_dsp.u_xover/resetn_0                                                                                          |               18 |             24 |         1.33 |
|  audio_system_i/aud_clkwiz/inst/clk_out1 | audio_system_i/u_dsp/U0/u_top/gen_dsp.gen_full.u_ss4/u_ctrl/x_next_reg[18]0                                                                              | audio_system_i/u_dsp/U0/u_top/gen_dsp.u_xover/resetn_0                                                                                          |               19 |             24 |         1.26 |
|  audio_system_i/aud_clkwiz/inst/clk_out1 | audio_system_i/u_dsp/U0/u_top/gen_dsp.gen_full.u_ss4/u_ctrl/x_next_reg[23]0                                                                              | audio_system_i/u_dsp/U0/u_top/gen_dsp.u_xover/resetn_0                                                                                          |               18 |             24 |         1.33 |
|  audio_system_i/aud_clkwiz/inst/clk_out1 | audio_system_i/u_dsp/U0/u_top/gen_dsp.gen_full.u_ss4/u_ctrl/x_next_reg[12]0                                                                              | audio_system_i/u_dsp/U0/u_top/gen_dsp.u_xover/resetn_0                                                                                          |               16 |             24 |         1.50 |
|  audio_system_i/aud_clkwiz/inst/clk_out1 | audio_system_i/u_dsp/U0/u_top/gen_dsp.gen_full.u_ss4/u_ctrl/x_next_reg[13]0                                                                              | audio_system_i/u_dsp/U0/u_top/gen_dsp.u_xover/resetn_0                                                                                          |               19 |             24 |         1.26 |
|  audio_system_i/aud_clkwiz/inst/clk_out1 | audio_system_i/u_dsp/U0/u_top/gen_dsp.gen_full.u_ss4/u_ctrl/x_next_reg[20]0                                                                              | audio_system_i/u_dsp/U0/u_top/gen_dsp.u_xover/resetn_0                                                                                          |               17 |             24 |         1.41 |
|  audio_system_i/aud_clkwiz/inst/clk_out1 | audio_system_i/u_dsp/U0/u_top/gen_dsp.gen_full.u_ss4/u_ctrl/x_next_reg[9]0                                                                               | audio_system_i/u_dsp/U0/u_top/gen_dsp.u_xover/resetn_0                                                                                          |               17 |             24 |         1.41 |
|  audio_system_i/aud_clkwiz/inst/clk_out1 | audio_system_i/u_dsp/U0/u_top/gen_dsp.gen_full.u_ss4/u_ctrl/x_next_reg[6]0                                                                               | audio_system_i/u_dsp/U0/u_top/gen_dsp.u_xover/resetn_0                                                                                          |               20 |             24 |         1.20 |
|  audio_system_i/aud_clkwiz/inst/clk_out1 | audio_system_i/u_dsp/U0/u_top/gen_dsp.gen_full.u_ss4/u_ctrl/x_next_reg[16]0                                                                              | audio_system_i/u_dsp/U0/u_top/gen_dsp.u_xover/resetn_0                                                                                          |               15 |             24 |         1.60 |
|  audio_system_i/aud_clkwiz/inst/clk_out1 | audio_system_i/u_dsp/U0/u_top/gen_dsp.gen_full.u_ss4/u_ctrl/x_next_reg[21]0                                                                              | audio_system_i/u_dsp/U0/u_top/gen_dsp.u_xover/resetn_0                                                                                          |               16 |             24 |         1.50 |
|  audio_system_i/aud_clkwiz/inst/clk_out1 | audio_system_i/u_dsp/U0/u_top/gen_dsp.gen_full.u_ss4/u_ctrl/x_next_reg[28]0                                                                              | audio_system_i/u_dsp/U0/u_top/gen_dsp.u_xover/resetn_0                                                                                          |               18 |             24 |         1.33 |
|  audio_system_i/aud_clkwiz/inst/clk_out1 | audio_system_i/u_dsp/U0/u_top/gen_dsp.gen_full.u_ss4/u_ctrl/x_next_reg[2]0                                                                               | audio_system_i/u_dsp/U0/u_top/gen_dsp.u_xover/resetn_0                                                                                          |               16 |             24 |         1.50 |
|  audio_system_i/aud_clkwiz/inst/clk_out1 | audio_system_i/u_dsp/U0/u_top/gen_dsp.gen_full.u_ss4/u_ctrl/x_next_reg[17]0                                                                              | audio_system_i/u_dsp/U0/u_top/gen_dsp.u_xover/resetn_0                                                                                          |               17 |             24 |         1.41 |
|  audio_system_i/aud_clkwiz/inst/clk_out1 | audio_system_i/u_dsp/U0/u_top/gen_dsp.gen_full.u_ss4/u_ctrl/x_next_reg[14]0                                                                              | audio_system_i/u_dsp/U0/u_top/gen_dsp.u_xover/resetn_0                                                                                          |               15 |             24 |         1.60 |
|  audio_system_i/aud_clkwiz/inst/clk_out1 | audio_system_i/u_dsp/U0/u_top/gen_dsp.gen_full.u_ss4/u_ctrl/x_next_reg[10]0                                                                              | audio_system_i/u_dsp/U0/u_top/gen_dsp.u_xover/resetn_0                                                                                          |               16 |             24 |         1.50 |
|  audio_system_i/aud_clkwiz/inst/clk_out1 | audio_system_i/u_dsp/U0/u_top/gen_dsp.gen_full.u_ss4/u_ctrl/x_next_reg[22]0                                                                              | audio_system_i/u_dsp/U0/u_top/gen_dsp.u_xover/resetn_0                                                                                          |               17 |             24 |         1.41 |
|  audio_system_i/aud_clkwiz/inst/clk_out1 | audio_system_i/u_dsp/U0/u_top/gen_dsp.gen_full.u_ss4/u_ctrl/x_next_reg[25]0                                                                              | audio_system_i/u_dsp/U0/u_top/gen_dsp.u_xover/resetn_0                                                                                          |               17 |             24 |         1.41 |
|  audio_system_i/aud_clkwiz/inst/clk_out1 | audio_system_i/u_dsp/U0/u_top/gen_dsp.gen_full.u_ss4/u_ctrl/x_next_reg[3]0                                                                               | audio_system_i/u_dsp/U0/u_top/gen_dsp.u_xover/resetn_0                                                                                          |               16 |             24 |         1.50 |
|  audio_system_i/aud_clkwiz/inst/clk_out1 | audio_system_i/u_dsp/U0/u_top/gen_dsp.gen_full.u_ss4/u_ctrl/x_next_reg[5]0                                                                               | audio_system_i/u_dsp/U0/u_top/gen_dsp.u_xover/resetn_0                                                                                          |               20 |             24 |         1.20 |
|  audio_system_i/aud_clkwiz/inst/clk_out1 | audio_system_i/u_dsp/U0/u_top/gen_dsp.gen_full.u_ss4/u_ctrl/x_next_reg[7]0                                                                               | audio_system_i/u_dsp/U0/u_top/gen_dsp.u_xover/resetn_0                                                                                          |               16 |             24 |         1.50 |
|  audio_system_i/aud_clkwiz/inst/clk_out1 | audio_system_i/u_dsp/U0/u_top/gen_dsp.gen_full.u_ss4/u_ctrl/x_next_reg[15]0                                                                              | audio_system_i/u_dsp/U0/u_top/gen_dsp.u_xover/resetn_0                                                                                          |               19 |             24 |         1.26 |
|  audio_system_i/aud_clkwiz/inst/clk_out1 | audio_system_i/u_dsp/U0/u_top/gen_dsp.gen_full.u_ss4/u_ctrl/x_next_reg[24]0                                                                              | audio_system_i/u_dsp/U0/u_top/gen_dsp.u_xover/resetn_0                                                                                          |               16 |             24 |         1.50 |
|  audio_system_i/aud_clkwiz/inst/clk_out1 | audio_system_i/u_dsp/U0/u_top/gen_dsp.gen_full.u_ss4/u_ctrl/x_next_reg[19]0                                                                              | audio_system_i/u_dsp/U0/u_top/gen_dsp.u_xover/resetn_0                                                                                          |               16 |             24 |         1.50 |
|  audio_system_i/aud_clkwiz/inst/clk_out1 | audio_system_i/u_dsp/U0/u_top/gen_dsp.gen_full.u_ss4/u_ctrl/x_next_reg[29]0                                                                              | audio_system_i/u_dsp/U0/u_top/gen_dsp.u_xover/resetn_0                                                                                          |               16 |             24 |         1.50 |
|  audio_system_i/aud_clkwiz/inst/clk_out1 | audio_system_i/u_dsp/U0/u_top/gen_dsp.gen_full.u_ss4/u_ctrl/x_next_reg[11]0                                                                              | audio_system_i/u_dsp/U0/u_top/gen_dsp.u_xover/resetn_0                                                                                          |               15 |             24 |         1.60 |
|  audio_system_i/aud_clkwiz/inst/clk_out1 | audio_system_i/u_dsp/U0/u_top/gen_dsp.gen_full.u_ss4/u_ctrl/x_next_reg[27]0                                                                              | audio_system_i/u_dsp/U0/u_top/gen_dsp.u_xover/resetn_0                                                                                          |               18 |             24 |         1.33 |
|  audio_system_i/aud_clkwiz/inst/clk_out1 | audio_system_i/u_dsp/U0/u_top/gen_dsp.gen_full.u_ss4/u_ctrl/x_next_reg[8]0                                                                               | audio_system_i/u_dsp/U0/u_top/gen_dsp.u_xover/resetn_0                                                                                          |               20 |             24 |         1.20 |
|  audio_system_i/aud_clkwiz/inst/clk_out1 | audio_system_i/u_dsp/U0/u_top/gen_dsp.gen_full.u_ss3/u_ctrl/x_next_reg[17]0                                                                              | audio_system_i/u_dsp/U0/u_top/gen_dsp.u_xover/resetn_0                                                                                          |               16 |             24 |         1.50 |
|  audio_system_i/aud_clkwiz/inst/clk_out1 | audio_system_i/u_dsp/U0/u_top/gen_dsp.u_send_xover/x_reg[23]_i_1__0_n_0                                                                                  | audio_system_i/u_dsp/U0/u_top/gen_dsp.u_xover/resetn_0                                                                                          |               10 |             24 |         2.40 |
|  audio_system_i/aud_clkwiz/inst/clk_out1 | audio_system_i/coeff_ctrl/U0/g_reg_3                                                                                                                     |                                                                                                                                                 |               12 |             24 |         2.00 |
|  audio_system_i/aud_clkwiz/inst/clk_out1 | audio_system_i/coeff_ctrl/U0/coeff_wdata_reg                                                                                                             | audio_system_i/coeff_ctrl/U0/p_0_in                                                                                                             |                9 |             24 |         2.67 |
|  audio_system_i/aud_clkwiz/inst/clk_out1 | audio_system_i/coeff_ctrl/U0/g_reg_2                                                                                                                     |                                                                                                                                                 |                7 |             24 |         3.43 |
|  audio_system_i/aud_clkwiz/inst/clk_out1 | audio_system_i/coeff_ctrl/U0/alpha_reg_2                                                                                                                 |                                                                                                                                                 |                6 |             24 |         4.00 |
|  audio_system_i/aud_clkwiz/inst/clk_out1 | audio_system_i/u_dsp/U0/u_top/gen_dsp.u_xover/x_reg[23]_i_1_n_0                                                                                          | audio_system_i/u_dsp/U0/u_top/gen_dsp.u_xover/resetn_0                                                                                          |               12 |             24 |         2.00 |
|  audio_system_i/aud_clkwiz/inst/clk_out1 | audio_system_i/u_dsp/U0/u_top/coeff_rvalid                                                                                                               | audio_system_i/coeff_ctrl/U0/p_0_in                                                                                                             |                7 |             24 |         3.43 |
|  audio_system_i/aud_clkwiz/inst/clk_out1 | audio_system_i/u_dsp/U0/u_top/total_out_vld                                                                                                              | audio_system_i/u_dsp/U0/u_top/gen_dsp.u_xover/resetn_0                                                                                          |                3 |             24 |         8.00 |
|  audio_system_i/aud_clkwiz/inst/clk_out1 | audio_system_i/u_dsp/U0/u_top/E[0]                                                                                                                       | audio_system_i/u_dsp/U0/u_top/gen_dsp.u_xover/resetn_0                                                                                          |                7 |             24 |         3.43 |
|  audio_system_i/aud_clkwiz/inst/clk_out1 | audio_system_i/u_dsp/U0/tx_valid_r                                                                                                                       | audio_system_i/u_dsp/U0/u_top/gen_dsp.u_xover/resetn_0                                                                                          |                6 |             24 |         4.00 |
|  audio_system_i/aud_clkwiz/inst/clk_out1 | audio_system_i/coeff_ctrl/U0/g_reg_1                                                                                                                     |                                                                                                                                                 |                5 |             24 |         4.80 |
|  audio_system_i/aud_clkwiz/inst/clk_out1 | audio_system_i/u_dsp/U0/u_top/gen_dsp.gen_full.u_ss4/u_ctrl/x_next_reg[4]0                                                                               | audio_system_i/u_dsp/U0/u_top/gen_dsp.u_xover/resetn_0                                                                                          |               19 |             24 |         1.26 |
|  audio_system_i/aud_clkwiz/inst/clk_out1 | audio_system_i/u_dsp/U0/u_top/uc_sum_pair0_vld                                                                                                           | audio_system_i/u_dsp/U0/u_top/gen_dsp.u_xover/resetn_0                                                                                          |                7 |             27 |         3.86 |
|  audio_system_i/aud_clkwiz/inst/clk_out1 | audio_system_i/u_dsp/U0/u_top/sum_pair0_vld                                                                                                              | audio_system_i/u_dsp/U0/u_top/gen_dsp.u_xover/resetn_0                                                                                          |                7 |             27 |         3.86 |
|  audio_system_i/aud_clkwiz/inst/clk_out1 | audio_system_i/u_dsp/U0/u_top/uc_total_sum_vld                                                                                                           | audio_system_i/u_dsp/U0/u_top/gen_dsp.u_xover/resetn_0                                                                                          |                7 |             27 |         3.86 |
|  audio_system_i/aud_clkwiz/inst/clk_out1 | audio_system_i/coeff_ctrl/U0/wdata_reg0                                                                                                                  | audio_system_i/coeff_ctrl/U0/p_0_in                                                                                                             |                8 |             28 |         3.50 |
|  audio_system_i/aud_clkwiz/inst/clk_out1 | audio_system_i/axi_ic/xbar/inst/gen_sasd.crossbar_sasd_0/addr_arbiter_inst/p_0_in1_in                                                                    | audio_system_i/axi_ic/xbar/inst/gen_sasd.crossbar_sasd_0/addr_arbiter_inst/SR[0]                                                                |               11 |             29 |         2.64 |
|  audio_system_i/aud_clkwiz/inst/clk_out1 | audio_system_i/coeff_ctrl/U0/ar_pending0                                                                                                                 | audio_system_i/coeff_ctrl/U0/p_0_in                                                                                                             |               18 |             32 |         1.78 |
|  audio_system_i/aud_clkwiz/inst/clk_out1 | audio_system_i/u_dsp/U0/u_top/gen_dsp.gen_full.u_ss3/u_ctrl/modal_acc[31]_i_1__1_n_0                                                                     | audio_system_i/u_dsp/U0/u_top/gen_dsp.u_xover/resetn_0                                                                                          |                7 |             32 |         4.57 |
|  audio_system_i/aud_clkwiz/inst/clk_out1 | audio_system_i/u_dsp/U0/u_top/gen_dsp.gen_full.u_ss2/u_ctrl/modal_acc[31]_i_1__0_n_0                                                                     | audio_system_i/u_dsp/U0/u_top/gen_dsp.u_xover/resetn_0                                                                                          |                6 |             32 |         5.33 |
|  audio_system_i/aud_clkwiz/inst/clk_out1 | audio_system_i/u_dsp/U0/u_top/gen_dsp.gen_full.u_ss1/u_ctrl/modal_acc[31]_i_1_n_0                                                                        | audio_system_i/u_dsp/U0/u_top/gen_dsp.u_xover/resetn_0                                                                                          |                7 |             32 |         4.57 |
|  audio_system_i/aud_clkwiz/inst/clk_out1 | audio_system_i/u_dsp/U0/u_top/gen_dsp.gen_full.u_ss4/u_ctrl/modal_acc[31]_i_1__2_n_0                                                                     | audio_system_i/u_dsp/U0/u_top/gen_dsp.u_xover/resetn_0                                                                                          |                6 |             32 |         5.33 |
|  audio_system_i/aud_clkwiz/inst/clk_out1 | audio_system_i/axi_ic/s00_couplers/auto_pc/inst/gen_axilite.gen_b2s_conv.axilite_b2s/RD.r_channel_0/rd_data_fifo_0/wr_en0                                |                                                                                                                                                 |               10 |             34 |         3.40 |
|  audio_system_i/aud_clkwiz/inst/clk_out1 | audio_system_i/axi_ic/xbar/inst/gen_sasd.crossbar_sasd_0/addr_arbiter_inst/E[0]                                                                          |                                                                                                                                                 |               13 |             35 |         2.69 |
|  audio_system_i/aud_clkwiz/inst/clk_out1 |                                                                                                                                                          | audio_system_i/iic_codec/U0/X_IIC/REG_INTERFACE_I/cr_i_reg[7]_0                                                                                 |               11 |             41 |         3.73 |
|  audio_system_i/aud_clkwiz/inst/clk_out1 |                                                                                                                                                          | audio_system_i/iic_codec/U0/X_IIC/X_AXI_IPIF_SSP1/X_SOFT_RESET/SR[0]                                                                            |               19 |             42 |         2.21 |
|  audio_system_i/aud_clkwiz/inst/clk_out1 | audio_system_i/axi_ic/s00_couplers/auto_pc/inst/gen_axilite.gen_b2s_conv.axilite_b2s/SI_REG/r.r_pipe/p_1_in                                              |                                                                                                                                                 |                9 |             47 |         5.22 |
|  audio_system_i/aud_clkwiz/inst/clk_out1 | audio_system_i/axi_ic/s00_couplers/auto_pc/inst/gen_axilite.gen_b2s_conv.axilite_b2s/SI_REG/r.r_pipe/s_ready_i_reg_0                                     |                                                                                                                                                 |               10 |             47 |         4.70 |
|  audio_system_i/aud_clkwiz/inst/clk_out1 | audio_system_i/u_dsp/U0/u_i2s/E[0]                                                                                                                       | audio_system_i/u_dsp/U0/u_top/gen_dsp.u_xover/resetn_0                                                                                          |               11 |             48 |         4.36 |
|  audio_system_i/aud_clkwiz/inst/clk_out1 | audio_system_i/u_dsp/U0/u_i2s/audio_in_valid_i_1_n_0                                                                                                     | audio_system_i/u_dsp/U0/u_top/gen_dsp.u_xover/resetn_0                                                                                          |                9 |             48 |         5.33 |
|  audio_system_i/aud_clkwiz/inst/clk_out1 | audio_system_i/u_dsp/U0/u_top/gen_dsp.u_xover/E[0]                                                                                                       | audio_system_i/u_dsp/U0/u_top/gen_dsp.u_xover/resetn_0                                                                                          |               14 |             50 |         3.57 |
|  audio_system_i/aud_clkwiz/inst/clk_out1 | audio_system_i/u_dsp/U0/u_top/gen_dsp.gen_full.u_ss1/u_ctrl/u_c_valid                                                                                    | audio_system_i/u_dsp/U0/u_top/gen_dsp.u_xover/resetn_0                                                                                          |               14 |             50 |         3.57 |
|  audio_system_i/aud_clkwiz/inst/clk_out1 | audio_system_i/axi_ic/s00_couplers/auto_pc/inst/gen_axilite.gen_b2s_conv.axilite_b2s/RD.ar_channel_0/ar_cmd_fsm_0/m_valid_i_reg[0]                       |                                                                                                                                                 |               13 |             52 |         4.00 |
|  audio_system_i/aud_clkwiz/inst/clk_out1 | audio_system_i/u_dsp/U0/u_top/gen_dsp.u_send_xover/acc_p                                                                                                 | audio_system_i/u_dsp/U0/u_top/gen_dsp.u_xover/resetn_0                                                                                          |                7 |             52 |         7.43 |
|  audio_system_i/aud_clkwiz/inst/clk_out1 | audio_system_i/axi_ic/s00_couplers/auto_pc/inst/gen_axilite.gen_b2s_conv.axilite_b2s/SI_REG/ar.ar_pipe/s_ready_i_reg_0                                   |                                                                                                                                                 |               16 |             52 |         3.25 |
|  audio_system_i/aud_clkwiz/inst/clk_out1 | audio_system_i/axi_ic/s00_couplers/auto_pc/inst/gen_axilite.gen_b2s_conv.axilite_b2s/SI_REG/aw.aw_pipe/s_ready_i_reg_0                                   |                                                                                                                                                 |               10 |             52 |         5.20 |
|  audio_system_i/aud_clkwiz/inst/clk_out1 | audio_system_i/axi_ic/s00_couplers/auto_pc/inst/gen_axilite.gen_b2s_conv.axilite_b2s/WR.aw_channel_0/aw_cmd_fsm_0/E[0]                                   |                                                                                                                                                 |               12 |             52 |         4.33 |
|  audio_system_i/aud_clkwiz/inst/clk_out1 | audio_system_i/u_dsp/U0/u_top/gen_dsp.u_xover/acc_p                                                                                                      | audio_system_i/u_dsp/U0/u_top/gen_dsp.u_xover/resetn_0                                                                                          |               11 |             52 |         4.73 |
|  audio_system_i/aud_clkwiz/inst/clk_out1 | audio_system_i/u_dsp/U0/u_top/gen_dsp.u_send_xover/hp300_a                                                                                               | audio_system_i/u_dsp/U0/u_top/gen_dsp.u_xover/resetn_0                                                                                          |               33 |             96 |         2.91 |
|  audio_system_i/aud_clkwiz/inst/clk_out1 | audio_system_i/u_dsp/U0/u_top/gen_dsp.u_send_xover/hp2500_b                                                                                              | audio_system_i/u_dsp/U0/u_top/gen_dsp.u_xover/resetn_0                                                                                          |               43 |             96 |         2.23 |
|  audio_system_i/aud_clkwiz/inst/clk_out1 | audio_system_i/u_dsp/U0/u_top/gen_dsp.u_send_xover/hp60_a                                                                                                | audio_system_i/u_dsp/U0/u_top/gen_dsp.u_xover/resetn_0                                                                                          |               36 |             96 |         2.67 |
|  audio_system_i/aud_clkwiz/inst/clk_out1 | audio_system_i/u_dsp/U0/u_top/gen_dsp.u_send_xover/hp300_b                                                                                               | audio_system_i/u_dsp/U0/u_top/gen_dsp.u_xover/resetn_0                                                                                          |               37 |             96 |         2.59 |
|  audio_system_i/aud_clkwiz/inst/clk_out1 | audio_system_i/u_dsp/U0/u_top/gen_dsp.u_send_xover/lp1000_a                                                                                              | audio_system_i/u_dsp/U0/u_top/gen_dsp.u_xover/resetn_0                                                                                          |               43 |             96 |         2.23 |
|  audio_system_i/aud_clkwiz/inst/clk_out1 | audio_system_i/u_dsp/U0/u_top/gen_dsp.u_send_xover/lp300_a                                                                                               | audio_system_i/u_dsp/U0/u_top/gen_dsp.u_xover/resetn_0                                                                                          |               40 |             96 |         2.40 |
|  audio_system_i/aud_clkwiz/inst/clk_out1 | audio_system_i/u_dsp/U0/u_top/gen_dsp.u_send_xover/lp2500_a                                                                                              | audio_system_i/u_dsp/U0/u_top/gen_dsp.u_xover/resetn_0                                                                                          |               36 |             96 |         2.67 |
|  audio_system_i/aud_clkwiz/inst/clk_out1 | audio_system_i/u_dsp/U0/u_top/gen_dsp.u_send_xover/lp300_b                                                                                               | audio_system_i/u_dsp/U0/u_top/gen_dsp.u_xover/resetn_0                                                                                          |               37 |             96 |         2.59 |
|  audio_system_i/aud_clkwiz/inst/clk_out1 | audio_system_i/u_dsp/U0/u_top/gen_dsp.u_send_xover/lp4500_a                                                                                              | audio_system_i/u_dsp/U0/u_top/gen_dsp.u_xover/resetn_0                                                                                          |               33 |             96 |         2.91 |
|  audio_system_i/aud_clkwiz/inst/clk_out1 | audio_system_i/u_dsp/U0/u_top/gen_dsp.u_xover/hp2500_a                                                                                                   | audio_system_i/u_dsp/U0/u_top/gen_dsp.u_xover/resetn_0                                                                                          |               47 |             96 |         2.04 |
|  audio_system_i/aud_clkwiz/inst/clk_out1 | audio_system_i/u_dsp/U0/u_top/gen_dsp.u_xover/hp1000_a                                                                                                   | audio_system_i/u_dsp/U0/u_top/gen_dsp.u_xover/resetn_0                                                                                          |               51 |             96 |         1.88 |
|  audio_system_i/aud_clkwiz/inst/clk_out1 | audio_system_i/u_dsp/U0/u_top/gen_dsp.u_xover/hp1000_b                                                                                                   | audio_system_i/u_dsp/U0/u_top/gen_dsp.u_xover/resetn_0                                                                                          |               47 |             96 |         2.04 |
|  audio_system_i/aud_clkwiz/inst/clk_out1 | audio_system_i/u_dsp/U0/u_top/gen_dsp.u_xover/hp2500_b                                                                                                   | audio_system_i/u_dsp/U0/u_top/gen_dsp.u_xover/resetn_0                                                                                          |               47 |             96 |         2.04 |
|  audio_system_i/aud_clkwiz/inst/clk_out1 | audio_system_i/u_dsp/U0/u_top/gen_dsp.u_xover/hp300_a                                                                                                    | audio_system_i/u_dsp/U0/u_top/gen_dsp.u_xover/resetn_0                                                                                          |               45 |             96 |         2.13 |
|  audio_system_i/aud_clkwiz/inst/clk_out1 | audio_system_i/u_dsp/U0/u_top/gen_dsp.u_xover/hp300_b                                                                                                    | audio_system_i/u_dsp/U0/u_top/gen_dsp.u_xover/resetn_0                                                                                          |               44 |             96 |         2.18 |
|  audio_system_i/aud_clkwiz/inst/clk_out1 | audio_system_i/u_dsp/U0/u_top/gen_dsp.u_xover/lp1000_a                                                                                                   | audio_system_i/u_dsp/U0/u_top/gen_dsp.u_xover/resetn_0                                                                                          |               48 |             96 |         2.00 |
|  audio_system_i/aud_clkwiz/inst/clk_out1 | audio_system_i/u_dsp/U0/u_top/gen_dsp.u_xover/lp2500_a                                                                                                   | audio_system_i/u_dsp/U0/u_top/gen_dsp.u_xover/resetn_0                                                                                          |               44 |             96 |         2.18 |
|  audio_system_i/aud_clkwiz/inst/clk_out1 | audio_system_i/u_dsp/U0/u_top/gen_dsp.u_xover/hp60_a                                                                                                     | audio_system_i/u_dsp/U0/u_top/gen_dsp.u_xover/resetn_0                                                                                          |               47 |             96 |         2.04 |
|  audio_system_i/aud_clkwiz/inst/clk_out1 | audio_system_i/u_dsp/U0/u_top/gen_dsp.u_xover/lp300_a                                                                                                    | audio_system_i/u_dsp/U0/u_top/gen_dsp.u_xover/resetn_0                                                                                          |               43 |             96 |         2.23 |
|  audio_system_i/aud_clkwiz/inst/clk_out1 | audio_system_i/u_dsp/U0/u_top/gen_dsp.u_xover/lp300_b                                                                                                    | audio_system_i/u_dsp/U0/u_top/gen_dsp.u_xover/resetn_0                                                                                          |               46 |             96 |         2.09 |
|  audio_system_i/aud_clkwiz/inst/clk_out1 | audio_system_i/u_dsp/U0/u_top/gen_dsp.u_xover/lp4500_a                                                                                                   | audio_system_i/u_dsp/U0/u_top/gen_dsp.u_xover/resetn_0                                                                                          |               48 |             96 |         2.00 |
|  audio_system_i/aud_clkwiz/inst/clk_out1 | audio_system_i/u_dsp/U0/u_top/gen_dsp.u_send_xover/hp2500_a                                                                                              | audio_system_i/u_dsp/U0/u_top/gen_dsp.u_xover/resetn_0                                                                                          |               42 |             96 |         2.29 |
|  audio_system_i/aud_clkwiz/inst/clk_out1 | audio_system_i/u_dsp/U0/u_top/gen_dsp.u_send_xover/hp1000_a                                                                                              | audio_system_i/u_dsp/U0/u_top/gen_dsp.u_xover/resetn_0                                                                                          |               40 |             96 |         2.40 |
|  audio_system_i/aud_clkwiz/inst/clk_out1 | audio_system_i/u_dsp/U0/u_top/gen_dsp.u_send_xover/hp1000_b                                                                                              | audio_system_i/u_dsp/U0/u_top/gen_dsp.u_xover/resetn_0                                                                                          |               34 |             96 |         2.82 |
|  audio_system_i/aud_clkwiz/inst/clk_out1 | audio_system_i/u_dsp/U0/u_top/gen_dsp.gen_full.u_ss3/u_ctrl/feat_valid                                                                                   | audio_system_i/u_dsp/U0/u_top/gen_dsp.u_xover/resetn_0                                                                                          |               27 |            102 |         3.78 |
|  audio_system_i/aud_clkwiz/inst/clk_out1 | audio_system_i/u_dsp/U0/u_top/gen_dsp.gen_full.u_ss2/u_ctrl/feat_valid                                                                                   | audio_system_i/u_dsp/U0/u_top/gen_dsp.u_xover/resetn_0                                                                                          |               27 |            102 |         3.78 |
|  audio_system_i/aud_clkwiz/inst/clk_out1 | audio_system_i/u_dsp/U0/u_top/gen_dsp.gen_full.u_ss1/u_ctrl/feat_valid                                                                                   | audio_system_i/u_dsp/U0/u_top/gen_dsp.u_xover/resetn_0                                                                                          |               27 |            102 |         3.78 |
|  audio_system_i/aud_clkwiz/inst/clk_out1 | audio_system_i/u_dsp/U0/u_top/gen_dsp.gen_full.u_ss4/u_ctrl/feat_valid                                                                                   | audio_system_i/u_dsp/U0/u_top/gen_dsp.u_xover/resetn_0                                                                                          |               27 |            102 |         3.78 |
|  audio_system_i/aud_clkwiz/inst/clk_out1 | audio_system_i/u_dsp/U0/u_top/gen_dsp.u_send_xover/st_x1[9][23]_i_1__0_n_0                                                                               | audio_system_i/u_dsp/U0/u_top/gen_dsp.u_xover/resetn_0                                                                                          |               43 |            120 |         2.79 |
|  audio_system_i/aud_clkwiz/inst/clk_out1 | audio_system_i/u_dsp/U0/u_top/gen_dsp.u_send_xover/st_x1[15][23]_i_1__0_n_0                                                                              | audio_system_i/u_dsp/U0/u_top/gen_dsp.u_xover/resetn_0                                                                                          |               47 |            120 |         2.55 |
|  audio_system_i/aud_clkwiz/inst/clk_out1 | audio_system_i/u_dsp/U0/u_top/gen_dsp.u_send_xover/st_x1[5][23]_i_1__0_n_0                                                                               | audio_system_i/u_dsp/U0/u_top/gen_dsp.u_xover/resetn_0                                                                                          |               54 |            120 |         2.22 |
|  audio_system_i/aud_clkwiz/inst/clk_out1 | audio_system_i/u_dsp/U0/u_top/gen_dsp.u_xover/st_x1[13][23]_i_1_n_0                                                                                      | audio_system_i/u_dsp/U0/u_top/gen_dsp.u_xover/resetn_0                                                                                          |               58 |            120 |         2.07 |
|  audio_system_i/aud_clkwiz/inst/clk_out1 | audio_system_i/u_dsp/U0/u_top/gen_dsp.u_xover/st_x1[9][23]_i_1_n_0                                                                                       | audio_system_i/u_dsp/U0/u_top/gen_dsp.u_xover/resetn_0                                                                                          |               57 |            120 |         2.11 |
|  audio_system_i/aud_clkwiz/inst/clk_out1 | audio_system_i/u_dsp/U0/u_top/gen_dsp.u_xover/st_x1[5][23]_i_1_n_0                                                                                       | audio_system_i/u_dsp/U0/u_top/gen_dsp.u_xover/resetn_0                                                                                          |               60 |            120 |         2.00 |
|  audio_system_i/aud_clkwiz/inst/clk_out1 | audio_system_i/u_dsp/U0/u_top/gen_dsp.u_xover/st_x1[15][23]_i_1_n_0                                                                                      | audio_system_i/u_dsp/U0/u_top/gen_dsp.u_xover/resetn_0                                                                                          |               51 |            120 |         2.35 |
|  audio_system_i/aud_clkwiz/inst/clk_out1 | audio_system_i/u_dsp/U0/u_top/gen_dsp.u_send_xover/st_x1[13][23]_i_1__0_n_0                                                                              | audio_system_i/u_dsp/U0/u_top/gen_dsp.u_xover/resetn_0                                                                                          |               49 |            120 |         2.45 |
|  audio_system_i/aud_clkwiz/inst/clk_out1 | audio_system_i/u_dsp/U0/u_top/gen_dsp.u_send_xover/bq_in_r                                                                                               | audio_system_i/u_dsp/U0/u_top/gen_dsp.u_xover/resetn_0                                                                                          |              135 |            207 |         1.53 |
|  audio_system_i/aud_clkwiz/inst/clk_out1 | audio_system_i/u_dsp/U0/u_top/gen_dsp.u_xover/bq_in_r                                                                                                    | audio_system_i/u_dsp/U0/u_top/gen_dsp.u_xover/resetn_0                                                                                          |              136 |            207 |         1.52 |
|  audio_system_i/aud_clkwiz/inst/clk_out1 |                                                                                                                                                          | audio_system_i/u_dsp/U0/u_top/gen_dsp.u_xover/resetn_0                                                                                          |               61 |            234 |         3.84 |
|  audio_system_i/aud_clkwiz/inst/clk_out1 |                                                                                                                                                          |                                                                                                                                                 |              104 |            255 |         2.45 |
|  audio_system_i/aud_clkwiz/inst/clk_out1 | audio_system_i/u_dsp/U0/u_top/gen_dsp.gen_full.u_ss3/u_ctrl/feat_innov_r                                                                                 | audio_system_i/u_dsp/U0/u_top/gen_dsp.u_xover/resetn_0                                                                                          |              145 |            777 |         5.36 |
|  audio_system_i/aud_clkwiz/inst/clk_out1 | audio_system_i/u_dsp/U0/u_top/gen_dsp.gen_full.u_ss4/u_ctrl/feat_innov_r                                                                                 | audio_system_i/u_dsp/U0/u_top/gen_dsp.u_xover/resetn_0                                                                                          |              130 |            777 |         5.98 |
|  audio_system_i/aud_clkwiz/inst/clk_out1 | audio_system_i/u_dsp/U0/u_top/gen_dsp.gen_full.u_ss2/u_ctrl/feat_innov_r                                                                                 | audio_system_i/u_dsp/U0/u_top/gen_dsp.u_xover/resetn_0                                                                                          |              140 |            777 |         5.55 |
|  audio_system_i/aud_clkwiz/inst/clk_out1 | audio_system_i/u_dsp/U0/u_top/gen_dsp.gen_full.u_ss1/u_ctrl/feat_innov_r                                                                                 | audio_system_i/u_dsp/U0/u_top/gen_dsp.u_xover/resetn_0                                                                                          |              152 |            777 |         5.11 |
+------------------------------------------+----------------------------------------------------------------------------------------------------------------------------------------------------------+-------------------------------------------------------------------------------------------------------------------------------------------------+------------------+----------------+--------------+


