Copyright 1986-2022 Xilinx, Inc. All Rights Reserved. Copyright 2022-2024 Advanced Micro Devices, Inc. All Rights Reserved.
---------------------------------------------------------------------------------------------------------------------------------------------------------------------------------------------------------------------------------------------------------
| Tool Version : Vivado v.2024.1 (win64) Build 5076996 Wed May 22 18:37:14 MDT 2024
| Date         : Thu Jun 18 14:53:44 2026
| Host         : eirik-hobby running 64-bit major release  (build 9200)
| Command      : report_timing_summary -max_paths 10 -report_unconstrained -file audio_system_wrapper_timing_summary_routed.rpt -pb audio_system_wrapper_timing_summary_routed.pb -rpx audio_system_wrapper_timing_summary_routed.rpx -warn_on_violation
| Design       : audio_system_wrapper
| Device       : 7z020-clg484
| Speed File   : -1  PRODUCTION 1.12 2019-11-22
| Design State : Routed
---------------------------------------------------------------------------------------------------------------------------------------------------------------------------------------------------------------------------------------------------------

Timing Summary Report

------------------------------------------------------------------------------------------------
| Timer Settings
| --------------
------------------------------------------------------------------------------------------------

  Enable Multi Corner Analysis               :  Yes
  Enable Pessimism Removal                   :  Yes
  Pessimism Removal Resolution               :  Nearest Common Node
  Enable Input Delay Default Clock           :  No
  Enable Preset / Clear Arcs                 :  No
  Disable Flight Delays                      :  No
  Ignore I/O Paths                           :  No
  Timing Early Launch at Borrowing Latches   :  No
  Borrow Time for Max Delay Exceptions       :  Yes
  Merge Timing Exceptions                    :  Yes
  Inter-SLR Compensation                     :  Conservative

  Corner  Analyze    Analyze    
  Name    Max Paths  Min Paths  
  ------  ---------  ---------  
  Slow    Yes        Yes        
  Fast    Yes        Yes        


------------------------------------------------------------------------------------------------
| Report Methodology
| ------------------
------------------------------------------------------------------------------------------------

Rule       Severity  Description                    Violations  
---------  --------  -----------------------------  ----------  
TIMING-18  Warning   Missing input or output delay  8           

Note: This report is based on the most recent report_methodology run and may not be up-to-date. Run report_methodology on the current design for the latest report.



check_timing report

Table of Contents
-----------------
1. checking no_clock (0)
2. checking constant_clock (0)
3. checking pulse_width_clock (0)
4. checking unconstrained_internal_endpoints (0)
5. checking no_input_delay (5)
6. checking no_output_delay (3)
7. checking multiple_clock (0)
8. checking generated_clocks (0)
9. checking loops (0)
10. checking partial_input_delay (0)
11. checking partial_output_delay (0)
12. checking latch_loops (0)

1. checking no_clock (0)
------------------------
 There are 0 register/latch pins with no clock.


2. checking constant_clock (0)
------------------------------
 There are 0 register/latch pins with constant_clock.


3. checking pulse_width_clock (0)
---------------------------------
 There are 0 register/latch pins which need pulse_width check


4. checking unconstrained_internal_endpoints (0)
------------------------------------------------
 There are 0 pins that are not constrained for maximum delay.

 There are 0 pins that are not constrained for maximum delay due to constant clock.


5. checking no_input_delay (5)
------------------------------
 There are 5 input ports with no input delay specified. (HIGH)

 There are 0 input ports with no input delay but user has a false path constraint.


6. checking no_output_delay (3)
-------------------------------
 There are 3 ports with no output delay specified. (HIGH)

 There are 0 ports with no output delay but user has a false path constraint

 There are 0 ports with no output delay but with a timing clock defined on it or propagating through it


7. checking multiple_clock (0)
------------------------------
 There are 0 register/latch pins with multiple clocks.


8. checking generated_clocks (0)
--------------------------------
 There are 0 generated clocks that are not connected to a clock source.


9. checking loops (0)
---------------------
 There are 0 combinational loops in the design.


10. checking partial_input_delay (0)
------------------------------------
 There are 0 input ports with partial input delay specified.


11. checking partial_output_delay (0)
-------------------------------------
 There are 0 ports with partial output delay specified.


12. checking latch_loops (0)
----------------------------
 There are 0 combinational latch loops in the design through latch input



------------------------------------------------------------------------------------------------
| Design Timing Summary
| ---------------------
------------------------------------------------------------------------------------------------

    WNS(ns)      TNS(ns)  TNS Failing Endpoints  TNS Total Endpoints      WHS(ns)      THS(ns)  THS Failing Endpoints  THS Total Endpoints     WPWS(ns)     TPWS(ns)  TPWS Failing Endpoints  TPWS Total Endpoints  
    -------      -------  ---------------------  -------------------      -------      -------  ---------------------  -------------------     --------     --------  ----------------------  --------------------  
      0.508        0.000                      0                40736        0.014        0.000                      0                40736        3.000        0.000                       0                 13179  


All user specified timing constraints are met.


------------------------------------------------------------------------------------------------
| Clock Summary
| -------------
------------------------------------------------------------------------------------------------

Clock                                 Waveform(ns)       Period(ns)      Frequency(MHz)
-----                                 ------------       ----------      --------------
clk_fpga_0                            {0.000 5.000}      10.000          100.000         
  aud_mclk_audio_system_aud_clkwiz_0  {0.000 40.690}     81.379          12.288          
  clk_out1_audio_system_aud_clkwiz_0  {0.000 5.000}      10.000          100.000         
  clkfbout_audio_system_aud_clkwiz_0  {0.000 5.000}      10.000          100.000         


------------------------------------------------------------------------------------------------
| Intra Clock Table
| -----------------
------------------------------------------------------------------------------------------------

Clock                                     WNS(ns)      TNS(ns)  TNS Failing Endpoints  TNS Total Endpoints      WHS(ns)      THS(ns)  THS Failing Endpoints  THS Total Endpoints     WPWS(ns)     TPWS(ns)  TPWS Failing Endpoints  TPWS Total Endpoints  
-----                                     -------      -------  ---------------------  -------------------      -------      -------  ---------------------  -------------------     --------     --------  ----------------------  --------------------  
clk_fpga_0                                                                                                                                                                              3.000        0.000                       0                     2  
  aud_mclk_audio_system_aud_clkwiz_0                                                                                                                                                   79.224        0.000                       0                     2  
  clk_out1_audio_system_aud_clkwiz_0        0.508        0.000                      0                40736        0.014        0.000                      0                40736        4.020        0.000                       0                 13172  
  clkfbout_audio_system_aud_clkwiz_0                                                                                                                                                    7.845        0.000                       0                     3  


------------------------------------------------------------------------------------------------
| Inter Clock Table
| -----------------
------------------------------------------------------------------------------------------------

From Clock    To Clock          WNS(ns)      TNS(ns)  TNS Failing Endpoints  TNS Total Endpoints      WHS(ns)      THS(ns)  THS Failing Endpoints  THS Total Endpoints  
----------    --------          -------      -------  ---------------------  -------------------      -------      -------  ---------------------  -------------------  


------------------------------------------------------------------------------------------------
| Other Path Groups Table
| -----------------------
------------------------------------------------------------------------------------------------

Path Group    From Clock    To Clock          WNS(ns)      TNS(ns)  TNS Failing Endpoints  TNS Total Endpoints      WHS(ns)      THS(ns)  THS Failing Endpoints  THS Total Endpoints  
----------    ----------    --------          -------      -------  ---------------------  -------------------      -------      -------  ---------------------  -------------------  


------------------------------------------------------------------------------------------------
| User Ignored Path Table
| -----------------------
------------------------------------------------------------------------------------------------

Path Group                          From Clock                          To Clock                          
----------                          ----------                          --------                          
(none)                                                                  clk_out1_audio_system_aud_clkwiz_0  


------------------------------------------------------------------------------------------------
| Unconstrained Path Table
| ------------------------
------------------------------------------------------------------------------------------------

Path Group                          From Clock                          To Clock                          
----------                          ----------                          --------                          
(none)                              aud_mclk_audio_system_aud_clkwiz_0                                      
(none)                              clk_out1_audio_system_aud_clkwiz_0                                      
(none)                              clkfbout_audio_system_aud_clkwiz_0                                      
(none)                                                                  clk_out1_audio_system_aud_clkwiz_0  


------------------------------------------------------------------------------------------------
| Timing Details
| --------------
------------------------------------------------------------------------------------------------


---------------------------------------------------------------------------------------------------
From Clock:  clk_fpga_0
  To Clock:  clk_fpga_0

Setup :           NA  Failing Endpoints,  Worst Slack           NA  ,  Total Violation           NA
Hold  :           NA  Failing Endpoints,  Worst Slack           NA  ,  Total Violation           NA
PW    :            0  Failing Endpoints,  Worst Slack        3.000ns,  Total Violation        0.000ns
---------------------------------------------------------------------------------------------------


Pulse Width Checks
--------------------------------------------------------------------------------------
Clock Name:         clk_fpga_0
Waveform(ns):       { 0.000 5.000 }
Period(ns):         10.000
Sources:            { audio_system_i/sys_cpu/inst/PS7_i/FCLKCLK[0] }

Check Type        Corner  Lib Pin            Reference Pin  Required(ns)  Actual(ns)  Slack(ns)  Location         Pin
Min Period        n/a     BUFG/I             n/a            2.155         10.000      7.845      BUFGCTRL_X0Y16   audio_system_i/aud_clkwiz/inst/clkin1_bufg/I
Min Period        n/a     MMCME2_ADV/CLKIN1  n/a            1.249         10.000      8.751      MMCME2_ADV_X1Y0  audio_system_i/aud_clkwiz/inst/mmcm_adv_inst/CLKIN1
Max Period        n/a     MMCME2_ADV/CLKIN1  n/a            100.000       10.000      90.000     MMCME2_ADV_X1Y0  audio_system_i/aud_clkwiz/inst/mmcm_adv_inst/CLKIN1
Low Pulse Width   Slow    MMCME2_ADV/CLKIN1  n/a            2.000         5.000       3.000      MMCME2_ADV_X1Y0  audio_system_i/aud_clkwiz/inst/mmcm_adv_inst/CLKIN1
Low Pulse Width   Fast    MMCME2_ADV/CLKIN1  n/a            2.000         5.000       3.000      MMCME2_ADV_X1Y0  audio_system_i/aud_clkwiz/inst/mmcm_adv_inst/CLKIN1
High Pulse Width  Slow    MMCME2_ADV/CLKIN1  n/a            2.000         5.000       3.000      MMCME2_ADV_X1Y0  audio_system_i/aud_clkwiz/inst/mmcm_adv_inst/CLKIN1
High Pulse Width  Fast    MMCME2_ADV/CLKIN1  n/a            2.000         5.000       3.000      MMCME2_ADV_X1Y0  audio_system_i/aud_clkwiz/inst/mmcm_adv_inst/CLKIN1



---------------------------------------------------------------------------------------------------
From Clock:  aud_mclk_audio_system_aud_clkwiz_0
  To Clock:  aud_mclk_audio_system_aud_clkwiz_0

Setup :           NA  Failing Endpoints,  Worst Slack           NA  ,  Total Violation           NA
Hold  :           NA  Failing Endpoints,  Worst Slack           NA  ,  Total Violation           NA
PW    :            0  Failing Endpoints,  Worst Slack       79.224ns,  Total Violation        0.000ns
---------------------------------------------------------------------------------------------------


Pulse Width Checks
--------------------------------------------------------------------------------------
Clock Name:         aud_mclk_audio_system_aud_clkwiz_0
Waveform(ns):       { 0.000 40.690 }
Period(ns):         81.379
Sources:            { audio_system_i/aud_clkwiz/inst/mmcm_adv_inst/CLKOUT1 }

Check Type  Corner  Lib Pin             Reference Pin  Required(ns)  Actual(ns)  Slack(ns)  Location         Pin
Min Period  n/a     BUFG/I              n/a            2.155         81.379      79.224     BUFGCTRL_X0Y1    audio_system_i/aud_clkwiz/inst/clkout2_buf/I
Min Period  n/a     MMCME2_ADV/CLKOUT1  n/a            1.249         81.379      80.130     MMCME2_ADV_X1Y0  audio_system_i/aud_clkwiz/inst/mmcm_adv_inst/CLKOUT1
Max Period  n/a     MMCME2_ADV/CLKOUT1  n/a            213.360       81.379      131.981    MMCME2_ADV_X1Y0  audio_system_i/aud_clkwiz/inst/mmcm_adv_inst/CLKOUT1



---------------------------------------------------------------------------------------------------
From Clock:  clk_out1_audio_system_aud_clkwiz_0
  To Clock:  clk_out1_audio_system_aud_clkwiz_0

Setup :            0  Failing Endpoints,  Worst Slack        0.508ns,  Total Violation        0.000ns
Hold  :            0  Failing Endpoints,  Worst Slack        0.014ns,  Total Violation        0.000ns
PW    :            0  Failing Endpoints,  Worst Slack        4.020ns,  Total Violation        0.000ns
---------------------------------------------------------------------------------------------------


Max Delay Paths
--------------------------------------------------------------------------------------
Slack (MET) :             0.508ns  (required time - arrival time)
  Source:                 audio_system_i/u_dsp/U0/u_top/gen_dsp.gen_full.u_ss4/u_ctrl/ARG__3/CLK
                            (rising edge-triggered cell DSP48E1 clocked by clk_out1_audio_system_aud_clkwiz_0  {rise@0.000ns fall@5.000ns period=10.000ns})
  Destination:            audio_system_i/u_dsp/U0/u_top/gen_dsp.gen_full.u_ss4/u_ctrl/u_c_out_reg[22]/D
                            (rising edge-triggered cell FDRE clocked by clk_out1_audio_system_aud_clkwiz_0  {rise@0.000ns fall@5.000ns period=10.000ns})
  Path Group:             clk_out1_audio_system_aud_clkwiz_0
  Path Type:              Setup (Max at Slow Process Corner)
  Requirement:            10.000ns  (clk_out1_audio_system_aud_clkwiz_0 rise@10.000ns - clk_out1_audio_system_aud_clkwiz_0 rise@0.000ns)
  Data Path Delay:        9.252ns  (logic 7.218ns (78.017%)  route 2.034ns (21.983%))
  Logic Levels:           8  (CARRY4=6 DSP48E1=1 LUT1=1)
  Clock Path Skew:        -0.214ns (DCD - SCD + CPR)
    Destination Clock Delay (DCD):    2.736ns = ( 12.736 - 10.000 ) 
    Source Clock Delay      (SCD):    3.179ns
    Clock Pessimism Removal (CPR):    0.229ns
  Clock Uncertainty:      0.089ns  ((TSJ^2 + DJ^2)^1/2) / 2 + PE
    Total System Jitter     (TSJ):    0.071ns
    Discrete Jitter          (DJ):    0.163ns
    Phase Error              (PE):    0.000ns

    Location             Delay type                Incr(ns)  Path(ns)    Netlist Resource(s)
  -------------------------------------------------------------------    -------------------
                         (clock clk_out1_audio_system_aud_clkwiz_0 rise edge)
                                                      0.000     0.000 r  
    PS7_X0Y0             PS7                          0.000     0.000 r  audio_system_i/sys_cpu/inst/PS7_i/FCLKCLK[0]
                         net (fo=1, routed)           1.193     1.193    audio_system_i/aud_clkwiz/inst/lopt
    BUFGCTRL_X0Y16       BUFG (Prop_bufg_I_O)         0.101     1.294 r  audio_system_i/aud_clkwiz/inst/clkin1_bufg/O
                         net (fo=1, routed)           1.806     3.100    audio_system_i/aud_clkwiz/inst/clk_in1_audio_system_aud_clkwiz_0
    MMCME2_ADV_X1Y0      MMCME2_ADV (Prop_mmcme2_adv_CLKIN1_CLKOUT0)
                                                     -3.793    -0.693 r  audio_system_i/aud_clkwiz/inst/mmcm_adv_inst/CLKOUT0
                         net (fo=1, routed)           1.889     1.196    audio_system_i/aud_clkwiz/inst/clk_out1_audio_system_aud_clkwiz_0
    BUFGCTRL_X0Y0        BUFG (Prop_bufg_I_O)         0.101     1.297 r  audio_system_i/aud_clkwiz/inst/clkout1_buf/O
                         net (fo=13183, routed)       1.882     3.179    audio_system_i/u_dsp/U0/u_top/gen_dsp.gen_full.u_ss4/u_ctrl/clk
    DSP48_X3Y14          DSP48E1                                      r  audio_system_i/u_dsp/U0/u_top/gen_dsp.gen_full.u_ss4/u_ctrl/ARG__3/CLK
  -------------------------------------------------------------------    -------------------
    DSP48_X3Y14          DSP48E1 (Prop_dsp48e1_CLK_PCOUT[47])
                                                      4.206     7.385 r  audio_system_i/u_dsp/U0/u_top/gen_dsp.gen_full.u_ss4/u_ctrl/ARG__3/PCOUT[47]
                         net (fo=1, routed)           0.002     7.387    audio_system_i/u_dsp/U0/u_top/gen_dsp.gen_full.u_ss4/u_ctrl/ARG__3_n_106
    DSP48_X3Y15          DSP48E1 (Prop_dsp48e1_PCIN[47]_P[5])
                                                      1.518     8.905 f  audio_system_i/u_dsp/U0/u_top/gen_dsp.gen_full.u_ss4/u_ctrl/ARG__4/P[5]
                         net (fo=2, routed)           1.556    10.460    audio_system_i/u_dsp/U0/u_top/gen_dsp.gen_full.u_ss4/u_ctrl/ARG__4_n_100
    SLICE_X70Y34         LUT1 (Prop_lut1_I0_O)        0.124    10.584 r  audio_system_i/u_dsp/U0/u_top/gen_dsp.gen_full.u_ss4/u_ctrl/u_c_out[4]_i_2__2/O
                         net (fo=1, routed)           0.476    11.060    audio_system_i/u_dsp/U0/u_top/gen_dsp.gen_full.u_ss4/u_ctrl/u_c_out[4]_i_2__2_n_0
    SLICE_X69Y34         CARRY4 (Prop_carry4_CYINIT_CO[3])
                                                      0.580    11.640 r  audio_system_i/u_dsp/U0/u_top/gen_dsp.gen_full.u_ss4/u_ctrl/u_c_out_reg[4]_i_1__2/CO[3]
                         net (fo=1, routed)           0.000    11.640    audio_system_i/u_dsp/U0/u_top/gen_dsp.gen_full.u_ss4/u_ctrl/u_c_out_reg[4]_i_1__2_n_0
    SLICE_X69Y35         CARRY4 (Prop_carry4_CI_CO[3])
                                                      0.114    11.754 r  audio_system_i/u_dsp/U0/u_top/gen_dsp.gen_full.u_ss4/u_ctrl/u_c_out_reg[8]_i_1__2/CO[3]
                         net (fo=1, routed)           0.000    11.754    audio_system_i/u_dsp/U0/u_top/gen_dsp.gen_full.u_ss4/u_ctrl/u_c_out_reg[8]_i_1__2_n_0
    SLICE_X69Y36         CARRY4 (Prop_carry4_CI_CO[3])
                                                      0.114    11.868 r  audio_system_i/u_dsp/U0/u_top/gen_dsp.gen_full.u_ss4/u_ctrl/u_c_out_reg[12]_i_1__2/CO[3]
                         net (fo=1, routed)           0.000    11.868    audio_system_i/u_dsp/U0/u_top/gen_dsp.gen_full.u_ss4/u_ctrl/u_c_out_reg[12]_i_1__2_n_0
    SLICE_X69Y37         CARRY4 (Prop_carry4_CI_CO[3])
                                                      0.114    11.982 r  audio_system_i/u_dsp/U0/u_top/gen_dsp.gen_full.u_ss4/u_ctrl/u_c_out_reg[16]_i_1__2/CO[3]
                         net (fo=1, routed)           0.000    11.982    audio_system_i/u_dsp/U0/u_top/gen_dsp.gen_full.u_ss4/u_ctrl/u_c_out_reg[16]_i_1__2_n_0
    SLICE_X69Y38         CARRY4 (Prop_carry4_CI_CO[3])
                                                      0.114    12.096 r  audio_system_i/u_dsp/U0/u_top/gen_dsp.gen_full.u_ss4/u_ctrl/u_c_out_reg[20]_i_1__2/CO[3]
                         net (fo=1, routed)           0.000    12.096    audio_system_i/u_dsp/U0/u_top/gen_dsp.gen_full.u_ss4/u_ctrl/u_c_out_reg[20]_i_1__2_n_0
    SLICE_X69Y39         CARRY4 (Prop_carry4_CI_O[1])
                                                      0.334    12.430 r  audio_system_i/u_dsp/U0/u_top/gen_dsp.gen_full.u_ss4/u_ctrl/u_c_out_reg[23]_i_2__2/O[1]
                         net (fo=1, routed)           0.000    12.430    audio_system_i/u_dsp/U0/u_top/gen_dsp.gen_full.u_ss4/u_ctrl/u_c_out_reg[23]_i_2__2_n_6
    SLICE_X69Y39         FDRE                                         r  audio_system_i/u_dsp/U0/u_top/gen_dsp.gen_full.u_ss4/u_ctrl/u_c_out_reg[22]/D
  -------------------------------------------------------------------    -------------------

                         (clock clk_out1_audio_system_aud_clkwiz_0 rise edge)
                                                     10.000    10.000 r  
    PS7_X0Y0             PS7                          0.000    10.000 r  audio_system_i/sys_cpu/inst/PS7_i/FCLKCLK[0]
                         net (fo=1, routed)           1.088    11.088    audio_system_i/aud_clkwiz/inst/lopt
    BUFGCTRL_X0Y16       BUFG (Prop_bufg_I_O)         0.091    11.179 r  audio_system_i/aud_clkwiz/inst/clkin1_bufg/O
                         net (fo=1, routed)           1.612    12.792    audio_system_i/aud_clkwiz/inst/clk_in1_audio_system_aud_clkwiz_0
    MMCME2_ADV_X1Y0      MMCME2_ADV (Prop_mmcme2_adv_CLKIN1_CLKOUT0)
                                                     -3.425     9.366 r  audio_system_i/aud_clkwiz/inst/mmcm_adv_inst/CLKOUT0
                         net (fo=1, routed)           1.725    11.091    audio_system_i/aud_clkwiz/inst/clk_out1_audio_system_aud_clkwiz_0
    BUFGCTRL_X0Y0        BUFG (Prop_bufg_I_O)         0.091    11.182 r  audio_system_i/aud_clkwiz/inst/clkout1_buf/O
                         net (fo=13183, routed)       1.553    12.735    audio_system_i/u_dsp/U0/u_top/gen_dsp.gen_full.u_ss4/u_ctrl/clk
    SLICE_X69Y39         FDRE                                         r  audio_system_i/u_dsp/U0/u_top/gen_dsp.gen_full.u_ss4/u_ctrl/u_c_out_reg[22]/C
                         clock pessimism              0.229    12.965    
                         clock uncertainty           -0.089    12.876    
    SLICE_X69Y39         FDRE (Setup_fdre_C_D)        0.062    12.938    audio_system_i/u_dsp/U0/u_top/gen_dsp.gen_full.u_ss4/u_ctrl/u_c_out_reg[22]
  -------------------------------------------------------------------
                         required time                         12.938    
                         arrival time                         -12.430    
  -------------------------------------------------------------------
                         slack                                  0.508    

Slack (MET) :             0.570ns  (required time - arrival time)
  Source:                 audio_system_i/u_dsp/U0/u_top/gen_dsp.u_send_xover/phase_reg[0]_rep/C
                            (rising edge-triggered cell FDRE clocked by clk_out1_audio_system_aud_clkwiz_0  {rise@0.000ns fall@5.000ns period=10.000ns})
  Destination:            audio_system_i/u_dsp/U0/u_top/gen_dsp.u_send_xover/prod_p_reg/PCIN[0]
                            (rising edge-triggered cell DSP48E1 clocked by clk_out1_audio_system_aud_clkwiz_0  {rise@0.000ns fall@5.000ns period=10.000ns})
  Path Group:             clk_out1_audio_system_aud_clkwiz_0
  Path Type:              Setup (Max at Slow Process Corner)
  Requirement:            10.000ns  (clk_out1_audio_system_aud_clkwiz_0 rise@10.000ns - clk_out1_audio_system_aud_clkwiz_0 rise@0.000ns)
  Data Path Delay:        8.030ns  (logic 5.032ns (62.667%)  route 2.998ns (37.333%))
  Logic Levels:           3  (DSP48E1=1 LUT4=1 LUT5=1)
  Clock Path Skew:        0.089ns (DCD - SCD + CPR)
    Destination Clock Delay (DCD):    2.890ns = ( 12.890 - 10.000 ) 
    Source Clock Delay      (SCD):    3.031ns
    Clock Pessimism Removal (CPR):    0.229ns
  Clock Uncertainty:      0.089ns  ((TSJ^2 + DJ^2)^1/2) / 2 + PE
    Total System Jitter     (TSJ):    0.071ns
    Discrete Jitter          (DJ):    0.163ns
    Phase Error              (PE):    0.000ns

    Location             Delay type                Incr(ns)  Path(ns)    Netlist Resource(s)
  -------------------------------------------------------------------    -------------------
                         (clock clk_out1_audio_system_aud_clkwiz_0 rise edge)
                                                      0.000     0.000 r  
    PS7_X0Y0             PS7                          0.000     0.000 r  audio_system_i/sys_cpu/inst/PS7_i/FCLKCLK[0]
                         net (fo=1, routed)           1.193     1.193    audio_system_i/aud_clkwiz/inst/lopt
    BUFGCTRL_X0Y16       BUFG (Prop_bufg_I_O)         0.101     1.294 r  audio_system_i/aud_clkwiz/inst/clkin1_bufg/O
                         net (fo=1, routed)           1.806     3.100    audio_system_i/aud_clkwiz/inst/clk_in1_audio_system_aud_clkwiz_0
    MMCME2_ADV_X1Y0      MMCME2_ADV (Prop_mmcme2_adv_CLKIN1_CLKOUT0)
                                                     -3.793    -0.693 r  audio_system_i/aud_clkwiz/inst/mmcm_adv_inst/CLKOUT0
                         net (fo=1, routed)           1.889     1.196    audio_system_i/aud_clkwiz/inst/clk_out1_audio_system_aud_clkwiz_0
    BUFGCTRL_X0Y0        BUFG (Prop_bufg_I_O)         0.101     1.297 r  audio_system_i/aud_clkwiz/inst/clkout1_buf/O
                         net (fo=13183, routed)       1.734     3.031    audio_system_i/u_dsp/U0/u_top/gen_dsp.u_send_xover/clk
    SLICE_X82Y10         FDRE                                         r  audio_system_i/u_dsp/U0/u_top/gen_dsp.u_send_xover/phase_reg[0]_rep/C
  -------------------------------------------------------------------    -------------------
    SLICE_X82Y10         FDRE (Prop_fdre_C_Q)         0.518     3.549 r  audio_system_i/u_dsp/U0/u_top/gen_dsp.u_send_xover/phase_reg[0]_rep/Q
                         net (fo=112, routed)         1.379     4.928    audio_system_i/u_dsp/U0/u_top/gen_dsp.u_send_xover/phase_reg[0]_rep_n_0
    SLICE_X78Y8          LUT4 (Prop_lut4_I0_O)        0.152     5.080 r  audio_system_i/u_dsp/U0/u_top/gen_dsp.u_send_xover/p_1_out_i_78__0/O
                         net (fo=1, routed)           0.484     5.564    audio_system_i/u_dsp/U0/u_top/gen_dsp.u_send_xover/p_1_out_i_78__0_n_0
    SLICE_X79Y8          LUT5 (Prop_lut5_I4_O)        0.326     5.890 r  audio_system_i/u_dsp/U0/u_top/gen_dsp.u_send_xover/p_1_out_i_39__0/O
                         net (fo=2, routed)           1.133     7.023    audio_system_i/u_dsp/U0/u_top/gen_dsp.u_send_xover/p_1_out_i_39__0_n_0
    DSP48_X3Y2           DSP48E1 (Prop_dsp48e1_A[2]_PCOUT[0])
                                                      4.036    11.059 r  audio_system_i/u_dsp/U0/u_top/gen_dsp.u_send_xover/p_1_out/PCOUT[0]
                         net (fo=1, routed)           0.002    11.061    audio_system_i/u_dsp/U0/u_top/gen_dsp.u_send_xover/p_1_out_n_153
    DSP48_X3Y3           DSP48E1                                      r  audio_system_i/u_dsp/U0/u_top/gen_dsp.u_send_xover/prod_p_reg/PCIN[0]
  -------------------------------------------------------------------    -------------------

                         (clock clk_out1_audio_system_aud_clkwiz_0 rise edge)
                                                     10.000    10.000 r  
    PS7_X0Y0             PS7                          0.000    10.000 r  audio_system_i/sys_cpu/inst/PS7_i/FCLKCLK[0]
                         net (fo=1, routed)           1.088    11.088    audio_system_i/aud_clkwiz/inst/lopt
    BUFGCTRL_X0Y16       BUFG (Prop_bufg_I_O)         0.091    11.179 r  audio_system_i/aud_clkwiz/inst/clkin1_bufg/O
                         net (fo=1, routed)           1.612    12.792    audio_system_i/aud_clkwiz/inst/clk_in1_audio_system_aud_clkwiz_0
    MMCME2_ADV_X1Y0      MMCME2_ADV (Prop_mmcme2_adv_CLKIN1_CLKOUT0)
                                                     -3.425     9.366 r  audio_system_i/aud_clkwiz/inst/mmcm_adv_inst/CLKOUT0
                         net (fo=1, routed)           1.725    11.091    audio_system_i/aud_clkwiz/inst/clk_out1_audio_system_aud_clkwiz_0
    BUFGCTRL_X0Y0        BUFG (Prop_bufg_I_O)         0.091    11.182 r  audio_system_i/aud_clkwiz/inst/clkout1_buf/O
                         net (fo=13183, routed)       1.708    12.890    audio_system_i/u_dsp/U0/u_top/gen_dsp.u_send_xover/clk
    DSP48_X3Y3           DSP48E1                                      r  audio_system_i/u_dsp/U0/u_top/gen_dsp.u_send_xover/prod_p_reg/CLK
                         clock pessimism              0.229    13.120    
                         clock uncertainty           -0.089    13.031    
    DSP48_X3Y3           DSP48E1 (Setup_dsp48e1_CLK_PCIN[0])
                                                     -1.400    11.631    audio_system_i/u_dsp/U0/u_top/gen_dsp.u_send_xover/prod_p_reg
  -------------------------------------------------------------------
                         required time                         11.631    
                         arrival time                         -11.061    
  -------------------------------------------------------------------
                         slack                                  0.570    

Slack (MET) :             0.570ns  (required time - arrival time)
  Source:                 audio_system_i/u_dsp/U0/u_top/gen_dsp.u_send_xover/phase_reg[0]_rep/C
                            (rising edge-triggered cell FDRE clocked by clk_out1_audio_system_aud_clkwiz_0  {rise@0.000ns fall@5.000ns period=10.000ns})
  Destination:            audio_system_i/u_dsp/U0/u_top/gen_dsp.u_send_xover/prod_p_reg/PCIN[10]
                            (rising edge-triggered cell DSP48E1 clocked by clk_out1_audio_system_aud_clkwiz_0  {rise@0.000ns fall@5.000ns period=10.000ns})
  Path Group:             clk_out1_audio_system_aud_clkwiz_0
  Path Type:              Setup (Max at Slow Process Corner)
  Requirement:            10.000ns  (clk_out1_audio_system_aud_clkwiz_0 rise@10.000ns - clk_out1_audio_system_aud_clkwiz_0 rise@0.000ns)
  Data Path Delay:        8.030ns  (logic 5.032ns (62.667%)  route 2.998ns (37.333%))
  Logic Levels:           3  (DSP48E1=1 LUT4=1 LUT5=1)
  Clock Path Skew:        0.089ns (DCD - SCD + CPR)
    Destination Clock Delay (DCD):    2.890ns = ( 12.890 - 10.000 ) 
    Source Clock Delay      (SCD):    3.031ns
    Clock Pessimism Removal (CPR):    0.229ns
  Clock Uncertainty:      0.089ns  ((TSJ^2 + DJ^2)^1/2) / 2 + PE
    Total System Jitter     (TSJ):    0.071ns
    Discrete Jitter          (DJ):    0.163ns
    Phase Error              (PE):    0.000ns

    Location             Delay type                Incr(ns)  Path(ns)    Netlist Resource(s)
  -------------------------------------------------------------------    -------------------
                         (clock clk_out1_audio_system_aud_clkwiz_0 rise edge)
                                                      0.000     0.000 r  
    PS7_X0Y0             PS7                          0.000     0.000 r  audio_system_i/sys_cpu/inst/PS7_i/FCLKCLK[0]
                         net (fo=1, routed)           1.193     1.193    audio_system_i/aud_clkwiz/inst/lopt
    BUFGCTRL_X0Y16       BUFG (Prop_bufg_I_O)         0.101     1.294 r  audio_system_i/aud_clkwiz/inst/clkin1_bufg/O
                         net (fo=1, routed)           1.806     3.100    audio_system_i/aud_clkwiz/inst/clk_in1_audio_system_aud_clkwiz_0
    MMCME2_ADV_X1Y0      MMCME2_ADV (Prop_mmcme2_adv_CLKIN1_CLKOUT0)
                                                     -3.793    -0.693 r  audio_system_i/aud_clkwiz/inst/mmcm_adv_inst/CLKOUT0
                         net (fo=1, routed)           1.889     1.196    audio_system_i/aud_clkwiz/inst/clk_out1_audio_system_aud_clkwiz_0
    BUFGCTRL_X0Y0        BUFG (Prop_bufg_I_O)         0.101     1.297 r  audio_system_i/aud_clkwiz/inst/clkout1_buf/O
                         net (fo=13183, routed)       1.734     3.031    audio_system_i/u_dsp/U0/u_top/gen_dsp.u_send_xover/clk
    SLICE_X82Y10         FDRE                                         r  audio_system_i/u_dsp/U0/u_top/gen_dsp.u_send_xover/phase_reg[0]_rep/C
  -------------------------------------------------------------------    -------------------
    SLICE_X82Y10         FDRE (Prop_fdre_C_Q)         0.518     3.549 r  audio_system_i/u_dsp/U0/u_top/gen_dsp.u_send_xover/phase_reg[0]_rep/Q
                         net (fo=112, routed)         1.379     4.928    audio_system_i/u_dsp/U0/u_top/gen_dsp.u_send_xover/phase_reg[0]_rep_n_0
    SLICE_X78Y8          LUT4 (Prop_lut4_I0_O)        0.152     5.080 r  audio_system_i/u_dsp/U0/u_top/gen_dsp.u_send_xover/p_1_out_i_78__0/O
                         net (fo=1, routed)           0.484     5.564    audio_system_i/u_dsp/U0/u_top/gen_dsp.u_send_xover/p_1_out_i_78__0_n_0
    SLICE_X79Y8          LUT5 (Prop_lut5_I4_O)        0.326     5.890 r  audio_system_i/u_dsp/U0/u_top/gen_dsp.u_send_xover/p_1_out_i_39__0/O
                         net (fo=2, routed)           1.133     7.023    audio_system_i/u_dsp/U0/u_top/gen_dsp.u_send_xover/p_1_out_i_39__0_n_0
    DSP48_X3Y2           DSP48E1 (Prop_dsp48e1_A[2]_PCOUT[10])
                                                      4.036    11.059 r  audio_system_i/u_dsp/U0/u_top/gen_dsp.u_send_xover/p_1_out/PCOUT[10]
                         net (fo=1, routed)           0.002    11.061    audio_system_i/u_dsp/U0/u_top/gen_dsp.u_send_xover/p_1_out_n_143
    DSP48_X3Y3           DSP48E1                                      r  audio_system_i/u_dsp/U0/u_top/gen_dsp.u_send_xover/prod_p_reg/PCIN[10]
  -------------------------------------------------------------------    -------------------

                         (clock clk_out1_audio_system_aud_clkwiz_0 rise edge)
                                                     10.000    10.000 r  
    PS7_X0Y0             PS7                          0.000    10.000 r  audio_system_i/sys_cpu/inst/PS7_i/FCLKCLK[0]
                         net (fo=1, routed)           1.088    11.088    audio_system_i/aud_clkwiz/inst/lopt
    BUFGCTRL_X0Y16       BUFG (Prop_bufg_I_O)         0.091    11.179 r  audio_system_i/aud_clkwiz/inst/clkin1_bufg/O
                         net (fo=1, routed)           1.612    12.792    audio_system_i/aud_clkwiz/inst/clk_in1_audio_system_aud_clkwiz_0
    MMCME2_ADV_X1Y0      MMCME2_ADV (Prop_mmcme2_adv_CLKIN1_CLKOUT0)
                                                     -3.425     9.366 r  audio_system_i/aud_clkwiz/inst/mmcm_adv_inst/CLKOUT0
                         net (fo=1, routed)           1.725    11.091    audio_system_i/aud_clkwiz/inst/clk_out1_audio_system_aud_clkwiz_0
    BUFGCTRL_X0Y0        BUFG (Prop_bufg_I_O)         0.091    11.182 r  audio_system_i/aud_clkwiz/inst/clkout1_buf/O
                         net (fo=13183, routed)       1.708    12.890    audio_system_i/u_dsp/U0/u_top/gen_dsp.u_send_xover/clk
    DSP48_X3Y3           DSP48E1                                      r  audio_system_i/u_dsp/U0/u_top/gen_dsp.u_send_xover/prod_p_reg/CLK
                         clock pessimism              0.229    13.120    
                         clock uncertainty           -0.089    13.031    
    DSP48_X3Y3           DSP48E1 (Setup_dsp48e1_CLK_PCIN[10])
                                                     -1.400    11.631    audio_system_i/u_dsp/U0/u_top/gen_dsp.u_send_xover/prod_p_reg
  -------------------------------------------------------------------
                         required time                         11.631    
                         arrival time                         -11.061    
  -------------------------------------------------------------------
                         slack                                  0.570    

Slack (MET) :             0.570ns  (required time - arrival time)
  Source:                 audio_system_i/u_dsp/U0/u_top/gen_dsp.u_send_xover/phase_reg[0]_rep/C
                            (rising edge-triggered cell FDRE clocked by clk_out1_audio_system_aud_clkwiz_0  {rise@0.000ns fall@5.000ns period=10.000ns})
  Destination:            audio_system_i/u_dsp/U0/u_top/gen_dsp.u_send_xover/prod_p_reg/PCIN[11]
                            (rising edge-triggered cell DSP48E1 clocked by clk_out1_audio_system_aud_clkwiz_0  {rise@0.000ns fall@5.000ns period=10.000ns})
  Path Group:             clk_out1_audio_system_aud_clkwiz_0
  Path Type:              Setup (Max at Slow Process Corner)
  Requirement:            10.000ns  (clk_out1_audio_system_aud_clkwiz_0 rise@10.000ns - clk_out1_audio_system_aud_clkwiz_0 rise@0.000ns)
  Data Path Delay:        8.030ns  (logic 5.032ns (62.667%)  route 2.998ns (37.333%))
  Logic Levels:           3  (DSP48E1=1 LUT4=1 LUT5=1)
  Clock Path Skew:        0.089ns (DCD - SCD + CPR)
    Destination Clock Delay (DCD):    2.890ns = ( 12.890 - 10.000 ) 
    Source Clock Delay      (SCD):    3.031ns
    Clock Pessimism Removal (CPR):    0.229ns
  Clock Uncertainty:      0.089ns  ((TSJ^2 + DJ^2)^1/2) / 2 + PE
    Total System Jitter     (TSJ):    0.071ns
    Discrete Jitter          (DJ):    0.163ns
    Phase Error              (PE):    0.000ns

    Location             Delay type                Incr(ns)  Path(ns)    Netlist Resource(s)
  -------------------------------------------------------------------    -------------------
                         (clock clk_out1_audio_system_aud_clkwiz_0 rise edge)
                                                      0.000     0.000 r  
    PS7_X0Y0             PS7                          0.000     0.000 r  audio_system_i/sys_cpu/inst/PS7_i/FCLKCLK[0]
                         net (fo=1, routed)           1.193     1.193    audio_system_i/aud_clkwiz/inst/lopt
    BUFGCTRL_X0Y16       BUFG (Prop_bufg_I_O)         0.101     1.294 r  audio_system_i/aud_clkwiz/inst/clkin1_bufg/O
                         net (fo=1, routed)           1.806     3.100    audio_system_i/aud_clkwiz/inst/clk_in1_audio_system_aud_clkwiz_0
    MMCME2_ADV_X1Y0      MMCME2_ADV (Prop_mmcme2_adv_CLKIN1_CLKOUT0)
                                                     -3.793    -0.693 r  audio_system_i/aud_clkwiz/inst/mmcm_adv_inst/CLKOUT0
                         net (fo=1, routed)           1.889     1.196    audio_system_i/aud_clkwiz/inst/clk_out1_audio_system_aud_clkwiz_0
    BUFGCTRL_X0Y0        BUFG (Prop_bufg_I_O)         0.101     1.297 r  audio_system_i/aud_clkwiz/inst/clkout1_buf/O
                         net (fo=13183, routed)       1.734     3.031    audio_system_i/u_dsp/U0/u_top/gen_dsp.u_send_xover/clk
    SLICE_X82Y10         FDRE                                         r  audio_system_i/u_dsp/U0/u_top/gen_dsp.u_send_xover/phase_reg[0]_rep/C
  -------------------------------------------------------------------    -------------------
    SLICE_X82Y10         FDRE (Prop_fdre_C_Q)         0.518     3.549 r  audio_system_i/u_dsp/U0/u_top/gen_dsp.u_send_xover/phase_reg[0]_rep/Q
                         net (fo=112, routed)         1.379     4.928    audio_system_i/u_dsp/U0/u_top/gen_dsp.u_send_xover/phase_reg[0]_rep_n_0
    SLICE_X78Y8          LUT4 (Prop_lut4_I0_O)        0.152     5.080 r  audio_system_i/u_dsp/U0/u_top/gen_dsp.u_send_xover/p_1_out_i_78__0/O
                         net (fo=1, routed)           0.484     5.564    audio_system_i/u_dsp/U0/u_top/gen_dsp.u_send_xover/p_1_out_i_78__0_n_0
    SLICE_X79Y8          LUT5 (Prop_lut5_I4_O)        0.326     5.890 r  audio_system_i/u_dsp/U0/u_top/gen_dsp.u_send_xover/p_1_out_i_39__0/O
                         net (fo=2, routed)           1.133     7.023    audio_system_i/u_dsp/U0/u_top/gen_dsp.u_send_xover/p_1_out_i_39__0_n_0
    DSP48_X3Y2           DSP48E1 (Prop_dsp48e1_A[2]_PCOUT[11])
                                                      4.036    11.059 r  audio_system_i/u_dsp/U0/u_top/gen_dsp.u_send_xover/p_1_out/PCOUT[11]
                         net (fo=1, routed)           0.002    11.061    audio_system_i/u_dsp/U0/u_top/gen_dsp.u_send_xover/p_1_out_n_142
    DSP48_X3Y3           DSP48E1                                      r  audio_system_i/u_dsp/U0/u_top/gen_dsp.u_send_xover/prod_p_reg/PCIN[11]
  -------------------------------------------------------------------    -------------------

                         (clock clk_out1_audio_system_aud_clkwiz_0 rise edge)
                                                     10.000    10.000 r  
    PS7_X0Y0             PS7                          0.000    10.000 r  audio_system_i/sys_cpu/inst/PS7_i/FCLKCLK[0]
                         net (fo=1, routed)           1.088    11.088    audio_system_i/aud_clkwiz/inst/lopt
    BUFGCTRL_X0Y16       BUFG (Prop_bufg_I_O)         0.091    11.179 r  audio_system_i/aud_clkwiz/inst/clkin1_bufg/O
                         net (fo=1, routed)           1.612    12.792    audio_system_i/aud_clkwiz/inst/clk_in1_audio_system_aud_clkwiz_0
    MMCME2_ADV_X1Y0      MMCME2_ADV (Prop_mmcme2_adv_CLKIN1_CLKOUT0)
                                                     -3.425     9.366 r  audio_system_i/aud_clkwiz/inst/mmcm_adv_inst/CLKOUT0
                         net (fo=1, routed)           1.725    11.091    audio_system_i/aud_clkwiz/inst/clk_out1_audio_system_aud_clkwiz_0
    BUFGCTRL_X0Y0        BUFG (Prop_bufg_I_O)         0.091    11.182 r  audio_system_i/aud_clkwiz/inst/clkout1_buf/O
                         net (fo=13183, routed)       1.708    12.890    audio_system_i/u_dsp/U0/u_top/gen_dsp.u_send_xover/clk
    DSP48_X3Y3           DSP48E1                                      r  audio_system_i/u_dsp/U0/u_top/gen_dsp.u_send_xover/prod_p_reg/CLK
                         clock pessimism              0.229    13.120    
                         clock uncertainty           -0.089    13.031    
    DSP48_X3Y3           DSP48E1 (Setup_dsp48e1_CLK_PCIN[11])
                                                     -1.400    11.631    audio_system_i/u_dsp/U0/u_top/gen_dsp.u_send_xover/prod_p_reg
  -------------------------------------------------------------------
                         required time                         11.631    
                         arrival time                         -11.061    
  -------------------------------------------------------------------
                         slack                                  0.570    

Slack (MET) :             0.570ns  (required time - arrival time)
  Source:                 audio_system_i/u_dsp/U0/u_top/gen_dsp.u_send_xover/phase_reg[0]_rep/C
                            (rising edge-triggered cell FDRE clocked by clk_out1_audio_system_aud_clkwiz_0  {rise@0.000ns fall@5.000ns period=10.000ns})
  Destination:            audio_system_i/u_dsp/U0/u_top/gen_dsp.u_send_xover/prod_p_reg/PCIN[12]
                            (rising edge-triggered cell DSP48E1 clocked by clk_out1_audio_system_aud_clkwiz_0  {rise@0.000ns fall@5.000ns period=10.000ns})
  Path Group:             clk_out1_audio_system_aud_clkwiz_0
  Path Type:              Setup (Max at Slow Process Corner)
  Requirement:            10.000ns  (clk_out1_audio_system_aud_clkwiz_0 rise@10.000ns - clk_out1_audio_system_aud_clkwiz_0 rise@0.000ns)
  Data Path Delay:        8.030ns  (logic 5.032ns (62.667%)  route 2.998ns (37.333%))
  Logic Levels:           3  (DSP48E1=1 LUT4=1 LUT5=1)
  Clock Path Skew:        0.089ns (DCD - SCD + CPR)
    Destination Clock Delay (DCD):    2.890ns = ( 12.890 - 10.000 ) 
    Source Clock Delay      (SCD):    3.031ns
    Clock Pessimism Removal (CPR):    0.229ns
  Clock Uncertainty:      0.089ns  ((TSJ^2 + DJ^2)^1/2) / 2 + PE
    Total System Jitter     (TSJ):    0.071ns
    Discrete Jitter          (DJ):    0.163ns
    Phase Error              (PE):    0.000ns

    Location             Delay type                Incr(ns)  Path(ns)    Netlist Resource(s)
  -------------------------------------------------------------------    -------------------
                         (clock clk_out1_audio_system_aud_clkwiz_0 rise edge)
                                                      0.000     0.000 r  
    PS7_X0Y0             PS7                          0.000     0.000 r  audio_system_i/sys_cpu/inst/PS7_i/FCLKCLK[0]
                         net (fo=1, routed)           1.193     1.193    audio_system_i/aud_clkwiz/inst/lopt
    BUFGCTRL_X0Y16       BUFG (Prop_bufg_I_O)         0.101     1.294 r  audio_system_i/aud_clkwiz/inst/clkin1_bufg/O
                         net (fo=1, routed)           1.806     3.100    audio_system_i/aud_clkwiz/inst/clk_in1_audio_system_aud_clkwiz_0
    MMCME2_ADV_X1Y0      MMCME2_ADV (Prop_mmcme2_adv_CLKIN1_CLKOUT0)
                                                     -3.793    -0.693 r  audio_system_i/aud_clkwiz/inst/mmcm_adv_inst/CLKOUT0
                         net (fo=1, routed)           1.889     1.196    audio_system_i/aud_clkwiz/inst/clk_out1_audio_system_aud_clkwiz_0
    BUFGCTRL_X0Y0        BUFG (Prop_bufg_I_O)         0.101     1.297 r  audio_system_i/aud_clkwiz/inst/clkout1_buf/O
                         net (fo=13183, routed)       1.734     3.031    audio_system_i/u_dsp/U0/u_top/gen_dsp.u_send_xover/clk
    SLICE_X82Y10         FDRE                                         r  audio_system_i/u_dsp/U0/u_top/gen_dsp.u_send_xover/phase_reg[0]_rep/C
  -------------------------------------------------------------------    -------------------
    SLICE_X82Y10         FDRE (Prop_fdre_C_Q)         0.518     3.549 r  audio_system_i/u_dsp/U0/u_top/gen_dsp.u_send_xover/phase_reg[0]_rep/Q
                         net (fo=112, routed)         1.379     4.928    audio_system_i/u_dsp/U0/u_top/gen_dsp.u_send_xover/phase_reg[0]_rep_n_0
    SLICE_X78Y8          LUT4 (Prop_lut4_I0_O)        0.152     5.080 r  audio_system_i/u_dsp/U0/u_top/gen_dsp.u_send_xover/p_1_out_i_78__0/O
                         net (fo=1, routed)           0.484     5.564    audio_system_i/u_dsp/U0/u_top/gen_dsp.u_send_xover/p_1_out_i_78__0_n_0
    SLICE_X79Y8          LUT5 (Prop_lut5_I4_O)        0.326     5.890 r  audio_system_i/u_dsp/U0/u_top/gen_dsp.u_send_xover/p_1_out_i_39__0/O
                         net (fo=2, routed)           1.133     7.023    audio_system_i/u_dsp/U0/u_top/gen_dsp.u_send_xover/p_1_out_i_39__0_n_0
    DSP48_X3Y2           DSP48E1 (Prop_dsp48e1_A[2]_PCOUT[12])
                                                      4.036    11.059 r  audio_system_i/u_dsp/U0/u_top/gen_dsp.u_send_xover/p_1_out/PCOUT[12]
                         net (fo=1, routed)           0.002    11.061    audio_system_i/u_dsp/U0/u_top/gen_dsp.u_send_xover/p_1_out_n_141
    DSP48_X3Y3           DSP48E1                                      r  audio_system_i/u_dsp/U0/u_top/gen_dsp.u_send_xover/prod_p_reg/PCIN[12]
  -------------------------------------------------------------------    -------------------

                         (clock clk_out1_audio_system_aud_clkwiz_0 rise edge)
                                                     10.000    10.000 r  
    PS7_X0Y0             PS7                          0.000    10.000 r  audio_system_i/sys_cpu/inst/PS7_i/FCLKCLK[0]
                         net (fo=1, routed)           1.088    11.088    audio_system_i/aud_clkwiz/inst/lopt
    BUFGCTRL_X0Y16       BUFG (Prop_bufg_I_O)         0.091    11.179 r  audio_system_i/aud_clkwiz/inst/clkin1_bufg/O
                         net (fo=1, routed)           1.612    12.792    audio_system_i/aud_clkwiz/inst/clk_in1_audio_system_aud_clkwiz_0
    MMCME2_ADV_X1Y0      MMCME2_ADV (Prop_mmcme2_adv_CLKIN1_CLKOUT0)
                                                     -3.425     9.366 r  audio_system_i/aud_clkwiz/inst/mmcm_adv_inst/CLKOUT0
                         net (fo=1, routed)           1.725    11.091    audio_system_i/aud_clkwiz/inst/clk_out1_audio_system_aud_clkwiz_0
    BUFGCTRL_X0Y0        BUFG (Prop_bufg_I_O)         0.091    11.182 r  audio_system_i/aud_clkwiz/inst/clkout1_buf/O
                         net (fo=13183, routed)       1.708    12.890    audio_system_i/u_dsp/U0/u_top/gen_dsp.u_send_xover/clk
    DSP48_X3Y3           DSP48E1                                      r  audio_system_i/u_dsp/U0/u_top/gen_dsp.u_send_xover/prod_p_reg/CLK
                         clock pessimism              0.229    13.120    
                         clock uncertainty           -0.089    13.031    
    DSP48_X3Y3           DSP48E1 (Setup_dsp48e1_CLK_PCIN[12])
                                                     -1.400    11.631    audio_system_i/u_dsp/U0/u_top/gen_dsp.u_send_xover/prod_p_reg
  -------------------------------------------------------------------
                         required time                         11.631    
                         arrival time                         -11.061    
  -------------------------------------------------------------------
                         slack                                  0.570    

Slack (MET) :             0.570ns  (required time - arrival time)
  Source:                 audio_system_i/u_dsp/U0/u_top/gen_dsp.u_send_xover/phase_reg[0]_rep/C
                            (rising edge-triggered cell FDRE clocked by clk_out1_audio_system_aud_clkwiz_0  {rise@0.000ns fall@5.000ns period=10.000ns})
  Destination:            audio_system_i/u_dsp/U0/u_top/gen_dsp.u_send_xover/prod_p_reg/PCIN[13]
                            (rising edge-triggered cell DSP48E1 clocked by clk_out1_audio_system_aud_clkwiz_0  {rise@0.000ns fall@5.000ns period=10.000ns})
  Path Group:             clk_out1_audio_system_aud_clkwiz_0
  Path Type:              Setup (Max at Slow Process Corner)
  Requirement:            10.000ns  (clk_out1_audio_system_aud_clkwiz_0 rise@10.000ns - clk_out1_audio_system_aud_clkwiz_0 rise@0.000ns)
  Data Path Delay:        8.030ns  (logic 5.032ns (62.667%)  route 2.998ns (37.333%))
  Logic Levels:           3  (DSP48E1=1 LUT4=1 LUT5=1)
  Clock Path Skew:        0.089ns (DCD - SCD + CPR)
    Destination Clock Delay (DCD):    2.890ns = ( 12.890 - 10.000 ) 
    Source Clock Delay      (SCD):    3.031ns
    Clock Pessimism Removal (CPR):    0.229ns
  Clock Uncertainty:      0.089ns  ((TSJ^2 + DJ^2)^1/2) / 2 + PE
    Total System Jitter     (TSJ):    0.071ns
    Discrete Jitter          (DJ):    0.163ns
    Phase Error              (PE):    0.000ns

    Location             Delay type                Incr(ns)  Path(ns)    Netlist Resource(s)
  -------------------------------------------------------------------    -------------------
                         (clock clk_out1_audio_system_aud_clkwiz_0 rise edge)
                                                      0.000     0.000 r  
    PS7_X0Y0             PS7                          0.000     0.000 r  audio_system_i/sys_cpu/inst/PS7_i/FCLKCLK[0]
                         net (fo=1, routed)           1.193     1.193    audio_system_i/aud_clkwiz/inst/lopt
    BUFGCTRL_X0Y16       BUFG (Prop_bufg_I_O)         0.101     1.294 r  audio_system_i/aud_clkwiz/inst/clkin1_bufg/O
                         net (fo=1, routed)           1.806     3.100    audio_system_i/aud_clkwiz/inst/clk_in1_audio_system_aud_clkwiz_0
    MMCME2_ADV_X1Y0      MMCME2_ADV (Prop_mmcme2_adv_CLKIN1_CLKOUT0)
                                                     -3.793    -0.693 r  audio_system_i/aud_clkwiz/inst/mmcm_adv_inst/CLKOUT0
                         net (fo=1, routed)           1.889     1.196    audio_system_i/aud_clkwiz/inst/clk_out1_audio_system_aud_clkwiz_0
    BUFGCTRL_X0Y0        BUFG (Prop_bufg_I_O)         0.101     1.297 r  audio_system_i/aud_clkwiz/inst/clkout1_buf/O
                         net (fo=13183, routed)       1.734     3.031    audio_system_i/u_dsp/U0/u_top/gen_dsp.u_send_xover/clk
    SLICE_X82Y10         FDRE                                         r  audio_system_i/u_dsp/U0/u_top/gen_dsp.u_send_xover/phase_reg[0]_rep/C
  -------------------------------------------------------------------    -------------------
    SLICE_X82Y10         FDRE (Prop_fdre_C_Q)         0.518     3.549 r  audio_system_i/u_dsp/U0/u_top/gen_dsp.u_send_xover/phase_reg[0]_rep/Q
                         net (fo=112, routed)         1.379     4.928    audio_system_i/u_dsp/U0/u_top/gen_dsp.u_send_xover/phase_reg[0]_rep_n_0
    SLICE_X78Y8          LUT4 (Prop_lut4_I0_O)        0.152     5.080 r  audio_system_i/u_dsp/U0/u_top/gen_dsp.u_send_xover/p_1_out_i_78__0/O
                         net (fo=1, routed)           0.484     5.564    audio_system_i/u_dsp/U0/u_top/gen_dsp.u_send_xover/p_1_out_i_78__0_n_0
    SLICE_X79Y8          LUT5 (Prop_lut5_I4_O)        0.326     5.890 r  audio_system_i/u_dsp/U0/u_top/gen_dsp.u_send_xover/p_1_out_i_39__0/O
                         net (fo=2, routed)           1.133     7.023    audio_system_i/u_dsp/U0/u_top/gen_dsp.u_send_xover/p_1_out_i_39__0_n_0
    DSP48_X3Y2           DSP48E1 (Prop_dsp48e1_A[2]_PCOUT[13])
                                                      4.036    11.059 r  audio_system_i/u_dsp/U0/u_top/gen_dsp.u_send_xover/p_1_out/PCOUT[13]
                         net (fo=1, routed)           0.002    11.061    audio_system_i/u_dsp/U0/u_top/gen_dsp.u_send_xover/p_1_out_n_140
    DSP48_X3Y3           DSP48E1                                      r  audio_system_i/u_dsp/U0/u_top/gen_dsp.u_send_xover/prod_p_reg/PCIN[13]
  -------------------------------------------------------------------    -------------------

                         (clock clk_out1_audio_system_aud_clkwiz_0 rise edge)
                                                     10.000    10.000 r  
    PS7_X0Y0             PS7                          0.000    10.000 r  audio_system_i/sys_cpu/inst/PS7_i/FCLKCLK[0]
                         net (fo=1, routed)           1.088    11.088    audio_system_i/aud_clkwiz/inst/lopt
    BUFGCTRL_X0Y16       BUFG (Prop_bufg_I_O)         0.091    11.179 r  audio_system_i/aud_clkwiz/inst/clkin1_bufg/O
                         net (fo=1, routed)           1.612    12.792    audio_system_i/aud_clkwiz/inst/clk_in1_audio_system_aud_clkwiz_0
    MMCME2_ADV_X1Y0      MMCME2_ADV (Prop_mmcme2_adv_CLKIN1_CLKOUT0)
                                                     -3.425     9.366 r  audio_system_i/aud_clkwiz/inst/mmcm_adv_inst/CLKOUT0
                         net (fo=1, routed)           1.725    11.091    audio_system_i/aud_clkwiz/inst/clk_out1_audio_system_aud_clkwiz_0
    BUFGCTRL_X0Y0        BUFG (Prop_bufg_I_O)         0.091    11.182 r  audio_system_i/aud_clkwiz/inst/clkout1_buf/O
                         net (fo=13183, routed)       1.708    12.890    audio_system_i/u_dsp/U0/u_top/gen_dsp.u_send_xover/clk
    DSP48_X3Y3           DSP48E1                                      r  audio_system_i/u_dsp/U0/u_top/gen_dsp.u_send_xover/prod_p_reg/CLK
                         clock pessimism              0.229    13.120    
                         clock uncertainty           -0.089    13.031    
    DSP48_X3Y3           DSP48E1 (Setup_dsp48e1_CLK_PCIN[13])
                                                     -1.400    11.631    audio_system_i/u_dsp/U0/u_top/gen_dsp.u_send_xover/prod_p_reg
  -------------------------------------------------------------------
                         required time                         11.631    
                         arrival time                         -11.061    
  -------------------------------------------------------------------
                         slack                                  0.570    

Slack (MET) :             0.570ns  (required time - arrival time)
  Source:                 audio_system_i/u_dsp/U0/u_top/gen_dsp.u_send_xover/phase_reg[0]_rep/C
                            (rising edge-triggered cell FDRE clocked by clk_out1_audio_system_aud_clkwiz_0  {rise@0.000ns fall@5.000ns period=10.000ns})
  Destination:            audio_system_i/u_dsp/U0/u_top/gen_dsp.u_send_xover/prod_p_reg/PCIN[14]
                            (rising edge-triggered cell DSP48E1 clocked by clk_out1_audio_system_aud_clkwiz_0  {rise@0.000ns fall@5.000ns period=10.000ns})
  Path Group:             clk_out1_audio_system_aud_clkwiz_0
  Path Type:              Setup (Max at Slow Process Corner)
  Requirement:            10.000ns  (clk_out1_audio_system_aud_clkwiz_0 rise@10.000ns - clk_out1_audio_system_aud_clkwiz_0 rise@0.000ns)
  Data Path Delay:        8.030ns  (logic 5.032ns (62.667%)  route 2.998ns (37.333%))
  Logic Levels:           3  (DSP48E1=1 LUT4=1 LUT5=1)
  Clock Path Skew:        0.089ns (DCD - SCD + CPR)
    Destination Clock Delay (DCD):    2.890ns = ( 12.890 - 10.000 ) 
    Source Clock Delay      (SCD):    3.031ns
    Clock Pessimism Removal (CPR):    0.229ns
  Clock Uncertainty:      0.089ns  ((TSJ^2 + DJ^2)^1/2) / 2 + PE
    Total System Jitter     (TSJ):    0.071ns
    Discrete Jitter          (DJ):    0.163ns
    Phase Error              (PE):    0.000ns

    Location             Delay type                Incr(ns)  Path(ns)    Netlist Resource(s)
  -------------------------------------------------------------------    -------------------
                         (clock clk_out1_audio_system_aud_clkwiz_0 rise edge)
                                                      0.000     0.000 r  
    PS7_X0Y0             PS7                          0.000     0.000 r  audio_system_i/sys_cpu/inst/PS7_i/FCLKCLK[0]
                         net (fo=1, routed)           1.193     1.193    audio_system_i/aud_clkwiz/inst/lopt
    BUFGCTRL_X0Y16       BUFG (Prop_bufg_I_O)         0.101     1.294 r  audio_system_i/aud_clkwiz/inst/clkin1_bufg/O
                         net (fo=1, routed)           1.806     3.100    audio_system_i/aud_clkwiz/inst/clk_in1_audio_system_aud_clkwiz_0
    MMCME2_ADV_X1Y0      MMCME2_ADV (Prop_mmcme2_adv_CLKIN1_CLKOUT0)
                                                     -3.793    -0.693 r  audio_system_i/aud_clkwiz/inst/mmcm_adv_inst/CLKOUT0
                         net (fo=1, routed)           1.889     1.196    audio_system_i/aud_clkwiz/inst/clk_out1_audio_system_aud_clkwiz_0
    BUFGCTRL_X0Y0        BUFG (Prop_bufg_I_O)         0.101     1.297 r  audio_system_i/aud_clkwiz/inst/clkout1_buf/O
                         net (fo=13183, routed)       1.734     3.031    audio_system_i/u_dsp/U0/u_top/gen_dsp.u_send_xover/clk
    SLICE_X82Y10         FDRE                                         r  audio_system_i/u_dsp/U0/u_top/gen_dsp.u_send_xover/phase_reg[0]_rep/C
  -------------------------------------------------------------------    -------------------
    SLICE_X82Y10         FDRE (Prop_fdre_C_Q)         0.518     3.549 r  audio_system_i/u_dsp/U0/u_top/gen_dsp.u_send_xover/phase_reg[0]_rep/Q
                         net (fo=112, routed)         1.379     4.928    audio_system_i/u_dsp/U0/u_top/gen_dsp.u_send_xover/phase_reg[0]_rep_n_0
    SLICE_X78Y8          LUT4 (Prop_lut4_I0_O)        0.152     5.080 r  audio_system_i/u_dsp/U0/u_top/gen_dsp.u_send_xover/p_1_out_i_78__0/O
                         net (fo=1, routed)           0.484     5.564    audio_system_i/u_dsp/U0/u_top/gen_dsp.u_send_xover/p_1_out_i_78__0_n_0
    SLICE_X79Y8          LUT5 (Prop_lut5_I4_O)        0.326     5.890 r  audio_system_i/u_dsp/U0/u_top/gen_dsp.u_send_xover/p_1_out_i_39__0/O
                         net (fo=2, routed)           1.133     7.023    audio_system_i/u_dsp/U0/u_top/gen_dsp.u_send_xover/p_1_out_i_39__0_n_0
    DSP48_X3Y2           DSP48E1 (Prop_dsp48e1_A[2]_PCOUT[14])
                                                      4.036    11.059 r  audio_system_i/u_dsp/U0/u_top/gen_dsp.u_send_xover/p_1_out/PCOUT[14]
                         net (fo=1, routed)           0.002    11.061    audio_system_i/u_dsp/U0/u_top/gen_dsp.u_send_xover/p_1_out_n_139
    DSP48_X3Y3           DSP48E1                                      r  audio_system_i/u_dsp/U0/u_top/gen_dsp.u_send_xover/prod_p_reg/PCIN[14]
  -------------------------------------------------------------------    -------------------

                         (clock clk_out1_audio_system_aud_clkwiz_0 rise edge)
                                                     10.000    10.000 r  
    PS7_X0Y0             PS7                          0.000    10.000 r  audio_system_i/sys_cpu/inst/PS7_i/FCLKCLK[0]
                         net (fo=1, routed)           1.088    11.088    audio_system_i/aud_clkwiz/inst/lopt
    BUFGCTRL_X0Y16       BUFG (Prop_bufg_I_O)         0.091    11.179 r  audio_system_i/aud_clkwiz/inst/clkin1_bufg/O
                         net (fo=1, routed)           1.612    12.792    audio_system_i/aud_clkwiz/inst/clk_in1_audio_system_aud_clkwiz_0
    MMCME2_ADV_X1Y0      MMCME2_ADV (Prop_mmcme2_adv_CLKIN1_CLKOUT0)
                                                     -3.425     9.366 r  audio_system_i/aud_clkwiz/inst/mmcm_adv_inst/CLKOUT0
                         net (fo=1, routed)           1.725    11.091    audio_system_i/aud_clkwiz/inst/clk_out1_audio_system_aud_clkwiz_0
    BUFGCTRL_X0Y0        BUFG (Prop_bufg_I_O)         0.091    11.182 r  audio_system_i/aud_clkwiz/inst/clkout1_buf/O
                         net (fo=13183, routed)       1.708    12.890    audio_system_i/u_dsp/U0/u_top/gen_dsp.u_send_xover/clk
    DSP48_X3Y3           DSP48E1                                      r  audio_system_i/u_dsp/U0/u_top/gen_dsp.u_send_xover/prod_p_reg/CLK
                         clock pessimism              0.229    13.120    
                         clock uncertainty           -0.089    13.031    
    DSP48_X3Y3           DSP48E1 (Setup_dsp48e1_CLK_PCIN[14])
                                                     -1.400    11.631    audio_system_i/u_dsp/U0/u_top/gen_dsp.u_send_xover/prod_p_reg
  -------------------------------------------------------------------
                         required time                         11.631    
                         arrival time                         -11.061    
  -------------------------------------------------------------------
                         slack                                  0.570    

Slack (MET) :             0.570ns  (required time - arrival time)
  Source:                 audio_system_i/u_dsp/U0/u_top/gen_dsp.u_send_xover/phase_reg[0]_rep/C
                            (rising edge-triggered cell FDRE clocked by clk_out1_audio_system_aud_clkwiz_0  {rise@0.000ns fall@5.000ns period=10.000ns})
  Destination:            audio_system_i/u_dsp/U0/u_top/gen_dsp.u_send_xover/prod_p_reg/PCIN[15]
                            (rising edge-triggered cell DSP48E1 clocked by clk_out1_audio_system_aud_clkwiz_0  {rise@0.000ns fall@5.000ns period=10.000ns})
  Path Group:             clk_out1_audio_system_aud_clkwiz_0
  Path Type:              Setup (Max at Slow Process Corner)
  Requirement:            10.000ns  (clk_out1_audio_system_aud_clkwiz_0 rise@10.000ns - clk_out1_audio_system_aud_clkwiz_0 rise@0.000ns)
  Data Path Delay:        8.030ns  (logic 5.032ns (62.667%)  route 2.998ns (37.333%))
  Logic Levels:           3  (DSP48E1=1 LUT4=1 LUT5=1)
  Clock Path Skew:        0.089ns (DCD - SCD + CPR)
    Destination Clock Delay (DCD):    2.890ns = ( 12.890 - 10.000 ) 
    Source Clock Delay      (SCD):    3.031ns
    Clock Pessimism Removal (CPR):    0.229ns
  Clock Uncertainty:      0.089ns  ((TSJ^2 + DJ^2)^1/2) / 2 + PE
    Total System Jitter     (TSJ):    0.071ns
    Discrete Jitter          (DJ):    0.163ns
    Phase Error              (PE):    0.000ns

    Location             Delay type                Incr(ns)  Path(ns)    Netlist Resource(s)
  -------------------------------------------------------------------    -------------------
                         (clock clk_out1_audio_system_aud_clkwiz_0 rise edge)
                                                      0.000     0.000 r  
    PS7_X0Y0             PS7                          0.000     0.000 r  audio_system_i/sys_cpu/inst/PS7_i/FCLKCLK[0]
                         net (fo=1, routed)           1.193     1.193    audio_system_i/aud_clkwiz/inst/lopt
    BUFGCTRL_X0Y16       BUFG (Prop_bufg_I_O)         0.101     1.294 r  audio_system_i/aud_clkwiz/inst/clkin1_bufg/O
                         net (fo=1, routed)           1.806     3.100    audio_system_i/aud_clkwiz/inst/clk_in1_audio_system_aud_clkwiz_0
    MMCME2_ADV_X1Y0      MMCME2_ADV (Prop_mmcme2_adv_CLKIN1_CLKOUT0)
                                                     -3.793    -0.693 r  audio_system_i/aud_clkwiz/inst/mmcm_adv_inst/CLKOUT0
                         net (fo=1, routed)           1.889     1.196    audio_system_i/aud_clkwiz/inst/clk_out1_audio_system_aud_clkwiz_0
    BUFGCTRL_X0Y0        BUFG (Prop_bufg_I_O)         0.101     1.297 r  audio_system_i/aud_clkwiz/inst/clkout1_buf/O
                         net (fo=13183, routed)       1.734     3.031    audio_system_i/u_dsp/U0/u_top/gen_dsp.u_send_xover/clk
    SLICE_X82Y10         FDRE                                         r  audio_system_i/u_dsp/U0/u_top/gen_dsp.u_send_xover/phase_reg[0]_rep/C
  -------------------------------------------------------------------    -------------------
    SLICE_X82Y10         FDRE (Prop_fdre_C_Q)         0.518     3.549 r  audio_system_i/u_dsp/U0/u_top/gen_dsp.u_send_xover/phase_reg[0]_rep/Q
                         net (fo=112, routed)         1.379     4.928    audio_system_i/u_dsp/U0/u_top/gen_dsp.u_send_xover/phase_reg[0]_rep_n_0
    SLICE_X78Y8          LUT4 (Prop_lut4_I0_O)        0.152     5.080 r  audio_system_i/u_dsp/U0/u_top/gen_dsp.u_send_xover/p_1_out_i_78__0/O
                         net (fo=1, routed)           0.484     5.564    audio_system_i/u_dsp/U0/u_top/gen_dsp.u_send_xover/p_1_out_i_78__0_n_0
    SLICE_X79Y8          LUT5 (Prop_lut5_I4_O)        0.326     5.890 r  audio_system_i/u_dsp/U0/u_top/gen_dsp.u_send_xover/p_1_out_i_39__0/O
                         net (fo=2, routed)           1.133     7.023    audio_system_i/u_dsp/U0/u_top/gen_dsp.u_send_xover/p_1_out_i_39__0_n_0
    DSP48_X3Y2           DSP48E1 (Prop_dsp48e1_A[2]_PCOUT[15])
                                                      4.036    11.059 r  audio_system_i/u_dsp/U0/u_top/gen_dsp.u_send_xover/p_1_out/PCOUT[15]
                         net (fo=1, routed)           0.002    11.061    audio_system_i/u_dsp/U0/u_top/gen_dsp.u_send_xover/p_1_out_n_138
    DSP48_X3Y3           DSP48E1                                      r  audio_system_i/u_dsp/U0/u_top/gen_dsp.u_send_xover/prod_p_reg/PCIN[15]
  -------------------------------------------------------------------    -------------------

                         (clock clk_out1_audio_system_aud_clkwiz_0 rise edge)
                                                     10.000    10.000 r  
    PS7_X0Y0             PS7                          0.000    10.000 r  audio_system_i/sys_cpu/inst/PS7_i/FCLKCLK[0]
                         net (fo=1, routed)           1.088    11.088    audio_system_i/aud_clkwiz/inst/lopt
    BUFGCTRL_X0Y16       BUFG (Prop_bufg_I_O)         0.091    11.179 r  audio_system_i/aud_clkwiz/inst/clkin1_bufg/O
                         net (fo=1, routed)           1.612    12.792    audio_system_i/aud_clkwiz/inst/clk_in1_audio_system_aud_clkwiz_0
    MMCME2_ADV_X1Y0      MMCME2_ADV (Prop_mmcme2_adv_CLKIN1_CLKOUT0)
                                                     -3.425     9.366 r  audio_system_i/aud_clkwiz/inst/mmcm_adv_inst/CLKOUT0
                         net (fo=1, routed)           1.725    11.091    audio_system_i/aud_clkwiz/inst/clk_out1_audio_system_aud_clkwiz_0
    BUFGCTRL_X0Y0        BUFG (Prop_bufg_I_O)         0.091    11.182 r  audio_system_i/aud_clkwiz/inst/clkout1_buf/O
                         net (fo=13183, routed)       1.708    12.890    audio_system_i/u_dsp/U0/u_top/gen_dsp.u_send_xover/clk
    DSP48_X3Y3           DSP48E1                                      r  audio_system_i/u_dsp/U0/u_top/gen_dsp.u_send_xover/prod_p_reg/CLK
                         clock pessimism              0.229    13.120    
                         clock uncertainty           -0.089    13.031    
    DSP48_X3Y3           DSP48E1 (Setup_dsp48e1_CLK_PCIN[15])
                                                     -1.400    11.631    audio_system_i/u_dsp/U0/u_top/gen_dsp.u_send_xover/prod_p_reg
  -------------------------------------------------------------------
                         required time                         11.631    
                         arrival time                         -11.061    
  -------------------------------------------------------------------
                         slack                                  0.570    

Slack (MET) :             0.570ns  (required time - arrival time)
  Source:                 audio_system_i/u_dsp/U0/u_top/gen_dsp.u_send_xover/phase_reg[0]_rep/C
                            (rising edge-triggered cell FDRE clocked by clk_out1_audio_system_aud_clkwiz_0  {rise@0.000ns fall@5.000ns period=10.000ns})
  Destination:            audio_system_i/u_dsp/U0/u_top/gen_dsp.u_send_xover/prod_p_reg/PCIN[16]
                            (rising edge-triggered cell DSP48E1 clocked by clk_out1_audio_system_aud_clkwiz_0  {rise@0.000ns fall@5.000ns period=10.000ns})
  Path Group:             clk_out1_audio_system_aud_clkwiz_0
  Path Type:              Setup (Max at Slow Process Corner)
  Requirement:            10.000ns  (clk_out1_audio_system_aud_clkwiz_0 rise@10.000ns - clk_out1_audio_system_aud_clkwiz_0 rise@0.000ns)
  Data Path Delay:        8.030ns  (logic 5.032ns (62.667%)  route 2.998ns (37.333%))
  Logic Levels:           3  (DSP48E1=1 LUT4=1 LUT5=1)
  Clock Path Skew:        0.089ns (DCD - SCD + CPR)
    Destination Clock Delay (DCD):    2.890ns = ( 12.890 - 10.000 ) 
    Source Clock Delay      (SCD):    3.031ns
    Clock Pessimism Removal (CPR):    0.229ns
  Clock Uncertainty:      0.089ns  ((TSJ^2 + DJ^2)^1/2) / 2 + PE
    Total System Jitter     (TSJ):    0.071ns
    Discrete Jitter          (DJ):    0.163ns
    Phase Error              (PE):    0.000ns

    Location             Delay type                Incr(ns)  Path(ns)    Netlist Resource(s)
  -------------------------------------------------------------------    -------------------
                         (clock clk_out1_audio_system_aud_clkwiz_0 rise edge)
                                                      0.000     0.000 r  
    PS7_X0Y0             PS7                          0.000     0.000 r  audio_system_i/sys_cpu/inst/PS7_i/FCLKCLK[0]
                         net (fo=1, routed)           1.193     1.193    audio_system_i/aud_clkwiz/inst/lopt
    BUFGCTRL_X0Y16       BUFG (Prop_bufg_I_O)         0.101     1.294 r  audio_system_i/aud_clkwiz/inst/clkin1_bufg/O
                         net (fo=1, routed)           1.806     3.100    audio_system_i/aud_clkwiz/inst/clk_in1_audio_system_aud_clkwiz_0
    MMCME2_ADV_X1Y0      MMCME2_ADV (Prop_mmcme2_adv_CLKIN1_CLKOUT0)
                                                     -3.793    -0.693 r  audio_system_i/aud_clkwiz/inst/mmcm_adv_inst/CLKOUT0
                         net (fo=1, routed)           1.889     1.196    audio_system_i/aud_clkwiz/inst/clk_out1_audio_system_aud_clkwiz_0
    BUFGCTRL_X0Y0        BUFG (Prop_bufg_I_O)         0.101     1.297 r  audio_system_i/aud_clkwiz/inst/clkout1_buf/O
                         net (fo=13183, routed)       1.734     3.031    audio_system_i/u_dsp/U0/u_top/gen_dsp.u_send_xover/clk
    SLICE_X82Y10         FDRE                                         r  audio_system_i/u_dsp/U0/u_top/gen_dsp.u_send_xover/phase_reg[0]_rep/C
  -------------------------------------------------------------------    -------------------
    SLICE_X82Y10         FDRE (Prop_fdre_C_Q)         0.518     3.549 r  audio_system_i/u_dsp/U0/u_top/gen_dsp.u_send_xover/phase_reg[0]_rep/Q
                         net (fo=112, routed)         1.379     4.928    audio_system_i/u_dsp/U0/u_top/gen_dsp.u_send_xover/phase_reg[0]_rep_n_0
    SLICE_X78Y8          LUT4 (Prop_lut4_I0_O)        0.152     5.080 r  audio_system_i/u_dsp/U0/u_top/gen_dsp.u_send_xover/p_1_out_i_78__0/O
                         net (fo=1, routed)           0.484     5.564    audio_system_i/u_dsp/U0/u_top/gen_dsp.u_send_xover/p_1_out_i_78__0_n_0
    SLICE_X79Y8          LUT5 (Prop_lut5_I4_O)        0.326     5.890 r  audio_system_i/u_dsp/U0/u_top/gen_dsp.u_send_xover/p_1_out_i_39__0/O
                         net (fo=2, routed)           1.133     7.023    audio_system_i/u_dsp/U0/u_top/gen_dsp.u_send_xover/p_1_out_i_39__0_n_0
    DSP48_X3Y2           DSP48E1 (Prop_dsp48e1_A[2]_PCOUT[16])
                                                      4.036    11.059 r  audio_system_i/u_dsp/U0/u_top/gen_dsp.u_send_xover/p_1_out/PCOUT[16]
                         net (fo=1, routed)           0.002    11.061    audio_system_i/u_dsp/U0/u_top/gen_dsp.u_send_xover/p_1_out_n_137
    DSP48_X3Y3           DSP48E1                                      r  audio_system_i/u_dsp/U0/u_top/gen_dsp.u_send_xover/prod_p_reg/PCIN[16]
  -------------------------------------------------------------------    -------------------

                         (clock clk_out1_audio_system_aud_clkwiz_0 rise edge)
                                                     10.000    10.000 r  
    PS7_X0Y0             PS7                          0.000    10.000 r  audio_system_i/sys_cpu/inst/PS7_i/FCLKCLK[0]
                         net (fo=1, routed)           1.088    11.088    audio_system_i/aud_clkwiz/inst/lopt
    BUFGCTRL_X0Y16       BUFG (Prop_bufg_I_O)         0.091    11.179 r  audio_system_i/aud_clkwiz/inst/clkin1_bufg/O
                         net (fo=1, routed)           1.612    12.792    audio_system_i/aud_clkwiz/inst/clk_in1_audio_system_aud_clkwiz_0
    MMCME2_ADV_X1Y0      MMCME2_ADV (Prop_mmcme2_adv_CLKIN1_CLKOUT0)
                                                     -3.425     9.366 r  audio_system_i/aud_clkwiz/inst/mmcm_adv_inst/CLKOUT0
                         net (fo=1, routed)           1.725    11.091    audio_system_i/aud_clkwiz/inst/clk_out1_audio_system_aud_clkwiz_0
    BUFGCTRL_X0Y0        BUFG (Prop_bufg_I_O)         0.091    11.182 r  audio_system_i/aud_clkwiz/inst/clkout1_buf/O
                         net (fo=13183, routed)       1.708    12.890    audio_system_i/u_dsp/U0/u_top/gen_dsp.u_send_xover/clk
    DSP48_X3Y3           DSP48E1                                      r  audio_system_i/u_dsp/U0/u_top/gen_dsp.u_send_xover/prod_p_reg/CLK
                         clock pessimism              0.229    13.120    
                         clock uncertainty           -0.089    13.031    
    DSP48_X3Y3           DSP48E1 (Setup_dsp48e1_CLK_PCIN[16])
                                                     -1.400    11.631    audio_system_i/u_dsp/U0/u_top/gen_dsp.u_send_xover/prod_p_reg
  -------------------------------------------------------------------
                         required time                         11.631    
                         arrival time                         -11.061    
  -------------------------------------------------------------------
                         slack                                  0.570    

Slack (MET) :             0.570ns  (required time - arrival time)
  Source:                 audio_system_i/u_dsp/U0/u_top/gen_dsp.u_send_xover/phase_reg[0]_rep/C
                            (rising edge-triggered cell FDRE clocked by clk_out1_audio_system_aud_clkwiz_0  {rise@0.000ns fall@5.000ns period=10.000ns})
  Destination:            audio_system_i/u_dsp/U0/u_top/gen_dsp.u_send_xover/prod_p_reg/PCIN[17]
                            (rising edge-triggered cell DSP48E1 clocked by clk_out1_audio_system_aud_clkwiz_0  {rise@0.000ns fall@5.000ns period=10.000ns})
  Path Group:             clk_out1_audio_system_aud_clkwiz_0
  Path Type:              Setup (Max at Slow Process Corner)
  Requirement:            10.000ns  (clk_out1_audio_system_aud_clkwiz_0 rise@10.000ns - clk_out1_audio_system_aud_clkwiz_0 rise@0.000ns)
  Data Path Delay:        8.030ns  (logic 5.032ns (62.667%)  route 2.998ns (37.333%))
  Logic Levels:           3  (DSP48E1=1 LUT4=1 LUT5=1)
  Clock Path Skew:        0.089ns (DCD - SCD + CPR)
    Destination Clock Delay (DCD):    2.890ns = ( 12.890 - 10.000 ) 
    Source Clock Delay      (SCD):    3.031ns
    Clock Pessimism Removal (CPR):    0.229ns
  Clock Uncertainty:      0.089ns  ((TSJ^2 + DJ^2)^1/2) / 2 + PE
    Total System Jitter     (TSJ):    0.071ns
    Discrete Jitter          (DJ):    0.163ns
    Phase Error              (PE):    0.000ns

    Location             Delay type                Incr(ns)  Path(ns)    Netlist Resource(s)
  -------------------------------------------------------------------    -------------------
                         (clock clk_out1_audio_system_aud_clkwiz_0 rise edge)
                                                      0.000     0.000 r  
    PS7_X0Y0             PS7                          0.000     0.000 r  audio_system_i/sys_cpu/inst/PS7_i/FCLKCLK[0]
                         net (fo=1, routed)           1.193     1.193    audio_system_i/aud_clkwiz/inst/lopt
    BUFGCTRL_X0Y16       BUFG (Prop_bufg_I_O)         0.101     1.294 r  audio_system_i/aud_clkwiz/inst/clkin1_bufg/O
                         net (fo=1, routed)           1.806     3.100    audio_system_i/aud_clkwiz/inst/clk_in1_audio_system_aud_clkwiz_0
    MMCME2_ADV_X1Y0      MMCME2_ADV (Prop_mmcme2_adv_CLKIN1_CLKOUT0)
                                                     -3.793    -0.693 r  audio_system_i/aud_clkwiz/inst/mmcm_adv_inst/CLKOUT0
                         net (fo=1, routed)           1.889     1.196    audio_system_i/aud_clkwiz/inst/clk_out1_audio_system_aud_clkwiz_0
    BUFGCTRL_X0Y0        BUFG (Prop_bufg_I_O)         0.101     1.297 r  audio_system_i/aud_clkwiz/inst/clkout1_buf/O
                         net (fo=13183, routed)       1.734     3.031    audio_system_i/u_dsp/U0/u_top/gen_dsp.u_send_xover/clk
    SLICE_X82Y10         FDRE                                         r  audio_system_i/u_dsp/U0/u_top/gen_dsp.u_send_xover/phase_reg[0]_rep/C
  -------------------------------------------------------------------    -------------------
    SLICE_X82Y10         FDRE (Prop_fdre_C_Q)         0.518     3.549 r  audio_system_i/u_dsp/U0/u_top/gen_dsp.u_send_xover/phase_reg[0]_rep/Q
                         net (fo=112, routed)         1.379     4.928    audio_system_i/u_dsp/U0/u_top/gen_dsp.u_send_xover/phase_reg[0]_rep_n_0
    SLICE_X78Y8          LUT4 (Prop_lut4_I0_O)        0.152     5.080 r  audio_system_i/u_dsp/U0/u_top/gen_dsp.u_send_xover/p_1_out_i_78__0/O
                         net (fo=1, routed)           0.484     5.564    audio_system_i/u_dsp/U0/u_top/gen_dsp.u_send_xover/p_1_out_i_78__0_n_0
    SLICE_X79Y8          LUT5 (Prop_lut5_I4_O)        0.326     5.890 r  audio_system_i/u_dsp/U0/u_top/gen_dsp.u_send_xover/p_1_out_i_39__0/O
                         net (fo=2, routed)           1.133     7.023    audio_system_i/u_dsp/U0/u_top/gen_dsp.u_send_xover/p_1_out_i_39__0_n_0
    DSP48_X3Y2           DSP48E1 (Prop_dsp48e1_A[2]_PCOUT[17])
                                                      4.036    11.059 r  audio_system_i/u_dsp/U0/u_top/gen_dsp.u_send_xover/p_1_out/PCOUT[17]
                         net (fo=1, routed)           0.002    11.061    audio_system_i/u_dsp/U0/u_top/gen_dsp.u_send_xover/p_1_out_n_136
    DSP48_X3Y3           DSP48E1                                      r  audio_system_i/u_dsp/U0/u_top/gen_dsp.u_send_xover/prod_p_reg/PCIN[17]
  -------------------------------------------------------------------    -------------------

                         (clock clk_out1_audio_system_aud_clkwiz_0 rise edge)
                                                     10.000    10.000 r  
    PS7_X0Y0             PS7                          0.000    10.000 r  audio_system_i/sys_cpu/inst/PS7_i/FCLKCLK[0]
                         net (fo=1, routed)           1.088    11.088    audio_system_i/aud_clkwiz/inst/lopt
    BUFGCTRL_X0Y16       BUFG (Prop_bufg_I_O)         0.091    11.179 r  audio_system_i/aud_clkwiz/inst/clkin1_bufg/O
                         net (fo=1, routed)           1.612    12.792    audio_system_i/aud_clkwiz/inst/clk_in1_audio_system_aud_clkwiz_0
    MMCME2_ADV_X1Y0      MMCME2_ADV (Prop_mmcme2_adv_CLKIN1_CLKOUT0)
                                                     -3.425     9.366 r  audio_system_i/aud_clkwiz/inst/mmcm_adv_inst/CLKOUT0
                         net (fo=1, routed)           1.725    11.091    audio_system_i/aud_clkwiz/inst/clk_out1_audio_system_aud_clkwiz_0
    BUFGCTRL_X0Y0        BUFG (Prop_bufg_I_O)         0.091    11.182 r  audio_system_i/aud_clkwiz/inst/clkout1_buf/O
                         net (fo=13183, routed)       1.708    12.890    audio_system_i/u_dsp/U0/u_top/gen_dsp.u_send_xover/clk
    DSP48_X3Y3           DSP48E1                                      r  audio_system_i/u_dsp/U0/u_top/gen_dsp.u_send_xover/prod_p_reg/CLK
                         clock pessimism              0.229    13.120    
                         clock uncertainty           -0.089    13.031    
    DSP48_X3Y3           DSP48E1 (Setup_dsp48e1_CLK_PCIN[17])
                                                     -1.400    11.631    audio_system_i/u_dsp/U0/u_top/gen_dsp.u_send_xover/prod_p_reg
  -------------------------------------------------------------------
                         required time                         11.631    
                         arrival time                         -11.061    
  -------------------------------------------------------------------
                         slack                                  0.570    





Min Delay Paths
--------------------------------------------------------------------------------------
Slack (MET) :             0.014ns  (arrival time - required time)
  Source:                 audio_system_i/u_dsp/U0/u_top/gen_dsp.gen_full.sum_pair1_reg[16]/C
                            (rising edge-triggered cell FDRE clocked by clk_out1_audio_system_aud_clkwiz_0  {rise@0.000ns fall@5.000ns period=10.000ns})
  Destination:            audio_system_i/u_dsp/U0/u_top/gen_dsp.gen_full.program_sum_reg[16]/D
                            (rising edge-triggered cell FDRE clocked by clk_out1_audio_system_aud_clkwiz_0  {rise@0.000ns fall@5.000ns period=10.000ns})
  Path Group:             clk_out1_audio_system_aud_clkwiz_0
  Path Type:              Hold (Min at Fast Process Corner)
  Requirement:            0.000ns  (clk_out1_audio_system_aud_clkwiz_0 rise@0.000ns - clk_out1_audio_system_aud_clkwiz_0 rise@0.000ns)
  Data Path Delay:        0.405ns  (logic 0.256ns (63.144%)  route 0.149ns (36.856%))
  Logic Levels:           2  (CARRY4=1 LUT2=1)
  Clock Path Skew:        0.257ns (DCD - SCD - CPR)
    Destination Clock Delay (DCD):    1.184ns
    Source Clock Delay      (SCD):    0.891ns
    Clock Pessimism Removal (CPR):    0.035ns

    Location             Delay type                Incr(ns)  Path(ns)    Netlist Resource(s)
  -------------------------------------------------------------------    -------------------
                         (clock clk_out1_audio_system_aud_clkwiz_0 rise edge)
                                                      0.000     0.000 r  
    PS7_X0Y0             PS7                          0.000     0.000 r  audio_system_i/sys_cpu/inst/PS7_i/FCLKCLK[0]
                         net (fo=1, routed)           0.310     0.310    audio_system_i/aud_clkwiz/inst/lopt
    BUFGCTRL_X0Y16       BUFG (Prop_bufg_I_O)         0.026     0.336 r  audio_system_i/aud_clkwiz/inst/clkin1_bufg/O
                         net (fo=1, routed)           0.597     0.933    audio_system_i/aud_clkwiz/inst/clk_in1_audio_system_aud_clkwiz_0
    MMCME2_ADV_X1Y0      MMCME2_ADV (Prop_mmcme2_adv_CLKIN1_CLKOUT0)
                                                     -1.150    -0.217 r  audio_system_i/aud_clkwiz/inst/mmcm_adv_inst/CLKOUT0
                         net (fo=1, routed)           0.529     0.312    audio_system_i/aud_clkwiz/inst/clk_out1_audio_system_aud_clkwiz_0
    BUFGCTRL_X0Y0        BUFG (Prop_bufg_I_O)         0.026     0.338 r  audio_system_i/aud_clkwiz/inst/clkout1_buf/O
                         net (fo=13183, routed)       0.554     0.891    audio_system_i/u_dsp/U0/u_top/clk
    SLICE_X49Y33         FDRE                                         r  audio_system_i/u_dsp/U0/u_top/gen_dsp.gen_full.sum_pair1_reg[16]/C
  -------------------------------------------------------------------    -------------------
    SLICE_X49Y33         FDRE (Prop_fdre_C_Q)         0.141     1.033 r  audio_system_i/u_dsp/U0/u_top/gen_dsp.gen_full.sum_pair1_reg[16]/Q
                         net (fo=1, routed)           0.149     1.182    audio_system_i/u_dsp/U0/u_top/sum_pair1[16]
    SLICE_X50Y33         LUT2 (Prop_lut2_I1_O)        0.045     1.227 r  audio_system_i/u_dsp/U0/u_top/gen_dsp.gen_full.program_sum[19]_i_5/O
                         net (fo=1, routed)           0.000     1.227    audio_system_i/u_dsp/U0/u_top/gen_dsp.gen_full.program_sum[19]_i_5_n_0
    SLICE_X50Y33         CARRY4 (Prop_carry4_S[0]_O[0])
                                                      0.070     1.297 r  audio_system_i/u_dsp/U0/u_top/gen_dsp.gen_full.program_sum_reg[19]_i_1/O[0]
                         net (fo=1, routed)           0.000     1.297    audio_system_i/u_dsp/U0/u_top/gen_dsp.gen_full.program_sum_reg[19]_i_1_n_7
    SLICE_X50Y33         FDRE                                         r  audio_system_i/u_dsp/U0/u_top/gen_dsp.gen_full.program_sum_reg[16]/D
  -------------------------------------------------------------------    -------------------

                         (clock clk_out1_audio_system_aud_clkwiz_0 rise edge)
                                                      0.000     0.000 r  
    PS7_X0Y0             PS7                          0.000     0.000 r  audio_system_i/sys_cpu/inst/PS7_i/FCLKCLK[0]
                         net (fo=1, routed)           0.337     0.337    audio_system_i/aud_clkwiz/inst/lopt
    BUFGCTRL_X0Y16       BUFG (Prop_bufg_I_O)         0.029     0.366 r  audio_system_i/aud_clkwiz/inst/clkin1_bufg/O
                         net (fo=1, routed)           0.864     1.230    audio_system_i/aud_clkwiz/inst/clk_in1_audio_system_aud_clkwiz_0
    MMCME2_ADV_X1Y0      MMCME2_ADV (Prop_mmcme2_adv_CLKIN1_CLKOUT0)
                                                     -1.467    -0.237 r  audio_system_i/aud_clkwiz/inst/mmcm_adv_inst/CLKOUT0
                         net (fo=1, routed)           0.576     0.339    audio_system_i/aud_clkwiz/inst/clk_out1_audio_system_aud_clkwiz_0
    BUFGCTRL_X0Y0        BUFG (Prop_bufg_I_O)         0.029     0.368 r  audio_system_i/aud_clkwiz/inst/clkout1_buf/O
                         net (fo=13183, routed)       0.816     1.184    audio_system_i/u_dsp/U0/u_top/clk
    SLICE_X50Y33         FDRE                                         r  audio_system_i/u_dsp/U0/u_top/gen_dsp.gen_full.program_sum_reg[16]/C
                         clock pessimism             -0.035     1.149    
    SLICE_X50Y33         FDRE (Hold_fdre_C_D)         0.134     1.283    audio_system_i/u_dsp/U0/u_top/gen_dsp.gen_full.program_sum_reg[16]
  -------------------------------------------------------------------
                         required time                         -1.283    
                         arrival time                           1.297    
  -------------------------------------------------------------------
                         slack                                  0.014    

Slack (MET) :             0.014ns  (arrival time - required time)
  Source:                 audio_system_i/u_dsp/U0/u_top/gen_dsp.gen_full.sum_pair1_reg[8]/C
                            (rising edge-triggered cell FDRE clocked by clk_out1_audio_system_aud_clkwiz_0  {rise@0.000ns fall@5.000ns period=10.000ns})
  Destination:            audio_system_i/u_dsp/U0/u_top/gen_dsp.gen_full.program_sum_reg[8]/D
                            (rising edge-triggered cell FDRE clocked by clk_out1_audio_system_aud_clkwiz_0  {rise@0.000ns fall@5.000ns period=10.000ns})
  Path Group:             clk_out1_audio_system_aud_clkwiz_0
  Path Type:              Hold (Min at Fast Process Corner)
  Requirement:            0.000ns  (clk_out1_audio_system_aud_clkwiz_0 rise@0.000ns - clk_out1_audio_system_aud_clkwiz_0 rise@0.000ns)
  Data Path Delay:        0.405ns  (logic 0.256ns (63.144%)  route 0.149ns (36.856%))
  Logic Levels:           2  (CARRY4=1 LUT2=1)
  Clock Path Skew:        0.257ns (DCD - SCD - CPR)
    Destination Clock Delay (DCD):    1.182ns
    Source Clock Delay      (SCD):    0.890ns
    Clock Pessimism Removal (CPR):    0.035ns

    Location             Delay type                Incr(ns)  Path(ns)    Netlist Resource(s)
  -------------------------------------------------------------------    -------------------
                         (clock clk_out1_audio_system_aud_clkwiz_0 rise edge)
                                                      0.000     0.000 r  
    PS7_X0Y0             PS7                          0.000     0.000 r  audio_system_i/sys_cpu/inst/PS7_i/FCLKCLK[0]
                         net (fo=1, routed)           0.310     0.310    audio_system_i/aud_clkwiz/inst/lopt
    BUFGCTRL_X0Y16       BUFG (Prop_bufg_I_O)         0.026     0.336 r  audio_system_i/aud_clkwiz/inst/clkin1_bufg/O
                         net (fo=1, routed)           0.597     0.933    audio_system_i/aud_clkwiz/inst/clk_in1_audio_system_aud_clkwiz_0
    MMCME2_ADV_X1Y0      MMCME2_ADV (Prop_mmcme2_adv_CLKIN1_CLKOUT0)
                                                     -1.150    -0.217 r  audio_system_i/aud_clkwiz/inst/mmcm_adv_inst/CLKOUT0
                         net (fo=1, routed)           0.529     0.312    audio_system_i/aud_clkwiz/inst/clk_out1_audio_system_aud_clkwiz_0
    BUFGCTRL_X0Y0        BUFG (Prop_bufg_I_O)         0.026     0.338 r  audio_system_i/aud_clkwiz/inst/clkout1_buf/O
                         net (fo=13183, routed)       0.552     0.890    audio_system_i/u_dsp/U0/u_top/clk
    SLICE_X49Y31         FDRE                                         r  audio_system_i/u_dsp/U0/u_top/gen_dsp.gen_full.sum_pair1_reg[8]/C
  -------------------------------------------------------------------    -------------------
    SLICE_X49Y31         FDRE (Prop_fdre_C_Q)         0.141     1.031 r  audio_system_i/u_dsp/U0/u_top/gen_dsp.gen_full.sum_pair1_reg[8]/Q
                         net (fo=1, routed)           0.149     1.180    audio_system_i/u_dsp/U0/u_top/sum_pair1[8]
    SLICE_X50Y31         LUT2 (Prop_lut2_I1_O)        0.045     1.225 r  audio_system_i/u_dsp/U0/u_top/gen_dsp.gen_full.program_sum[11]_i_5/O
                         net (fo=1, routed)           0.000     1.225    audio_system_i/u_dsp/U0/u_top/gen_dsp.gen_full.program_sum[11]_i_5_n_0
    SLICE_X50Y31         CARRY4 (Prop_carry4_S[0]_O[0])
                                                      0.070     1.295 r  audio_system_i/u_dsp/U0/u_top/gen_dsp.gen_full.program_sum_reg[11]_i_1/O[0]
                         net (fo=1, routed)           0.000     1.295    audio_system_i/u_dsp/U0/u_top/gen_dsp.gen_full.program_sum_reg[11]_i_1_n_7
    SLICE_X50Y31         FDRE                                         r  audio_system_i/u_dsp/U0/u_top/gen_dsp.gen_full.program_sum_reg[8]/D
  -------------------------------------------------------------------    -------------------

                         (clock clk_out1_audio_system_aud_clkwiz_0 rise edge)
                                                      0.000     0.000 r  
    PS7_X0Y0             PS7                          0.000     0.000 r  audio_system_i/sys_cpu/inst/PS7_i/FCLKCLK[0]
                         net (fo=1, routed)           0.337     0.337    audio_system_i/aud_clkwiz/inst/lopt
    BUFGCTRL_X0Y16       BUFG (Prop_bufg_I_O)         0.029     0.366 r  audio_system_i/aud_clkwiz/inst/clkin1_bufg/O
                         net (fo=1, routed)           0.864     1.230    audio_system_i/aud_clkwiz/inst/clk_in1_audio_system_aud_clkwiz_0
    MMCME2_ADV_X1Y0      MMCME2_ADV (Prop_mmcme2_adv_CLKIN1_CLKOUT0)
                                                     -1.467    -0.237 r  audio_system_i/aud_clkwiz/inst/mmcm_adv_inst/CLKOUT0
                         net (fo=1, routed)           0.576     0.339    audio_system_i/aud_clkwiz/inst/clk_out1_audio_system_aud_clkwiz_0
    BUFGCTRL_X0Y0        BUFG (Prop_bufg_I_O)         0.029     0.368 r  audio_system_i/aud_clkwiz/inst/clkout1_buf/O
                         net (fo=13183, routed)       0.814     1.182    audio_system_i/u_dsp/U0/u_top/clk
    SLICE_X50Y31         FDRE                                         r  audio_system_i/u_dsp/U0/u_top/gen_dsp.gen_full.program_sum_reg[8]/C
                         clock pessimism             -0.035     1.147    
    SLICE_X50Y31         FDRE (Hold_fdre_C_D)         0.134     1.281    audio_system_i/u_dsp/U0/u_top/gen_dsp.gen_full.program_sum_reg[8]
  -------------------------------------------------------------------
                         required time                         -1.281    
                         arrival time                           1.295    
  -------------------------------------------------------------------
                         slack                                  0.014    

Slack (MET) :             0.014ns  (arrival time - required time)
  Source:                 audio_system_i/u_dsp/U0/u_top/gen_dsp.gen_full.sum_pair1_reg[12]/C
                            (rising edge-triggered cell FDRE clocked by clk_out1_audio_system_aud_clkwiz_0  {rise@0.000ns fall@5.000ns period=10.000ns})
  Destination:            audio_system_i/u_dsp/U0/u_top/gen_dsp.gen_full.program_sum_reg[12]/D
                            (rising edge-triggered cell FDRE clocked by clk_out1_audio_system_aud_clkwiz_0  {rise@0.000ns fall@5.000ns period=10.000ns})
  Path Group:             clk_out1_audio_system_aud_clkwiz_0
  Path Type:              Hold (Min at Fast Process Corner)
  Requirement:            0.000ns  (clk_out1_audio_system_aud_clkwiz_0 rise@0.000ns - clk_out1_audio_system_aud_clkwiz_0 rise@0.000ns)
  Data Path Delay:        0.405ns  (logic 0.256ns (63.144%)  route 0.149ns (36.856%))
  Logic Levels:           2  (CARRY4=1 LUT2=1)
  Clock Path Skew:        0.257ns (DCD - SCD - CPR)
    Destination Clock Delay (DCD):    1.183ns
    Source Clock Delay      (SCD):    0.891ns
    Clock Pessimism Removal (CPR):    0.035ns

    Location             Delay type                Incr(ns)  Path(ns)    Netlist Resource(s)
  -------------------------------------------------------------------    -------------------
                         (clock clk_out1_audio_system_aud_clkwiz_0 rise edge)
                                                      0.000     0.000 r  
    PS7_X0Y0             PS7                          0.000     0.000 r  audio_system_i/sys_cpu/inst/PS7_i/FCLKCLK[0]
                         net (fo=1, routed)           0.310     0.310    audio_system_i/aud_clkwiz/inst/lopt
    BUFGCTRL_X0Y16       BUFG (Prop_bufg_I_O)         0.026     0.336 r  audio_system_i/aud_clkwiz/inst/clkin1_bufg/O
                         net (fo=1, routed)           0.597     0.933    audio_system_i/aud_clkwiz/inst/clk_in1_audio_system_aud_clkwiz_0
    MMCME2_ADV_X1Y0      MMCME2_ADV (Prop_mmcme2_adv_CLKIN1_CLKOUT0)
                                                     -1.150    -0.217 r  audio_system_i/aud_clkwiz/inst/mmcm_adv_inst/CLKOUT0
                         net (fo=1, routed)           0.529     0.312    audio_system_i/aud_clkwiz/inst/clk_out1_audio_system_aud_clkwiz_0
    BUFGCTRL_X0Y0        BUFG (Prop_bufg_I_O)         0.026     0.338 r  audio_system_i/aud_clkwiz/inst/clkout1_buf/O
                         net (fo=13183, routed)       0.553     0.891    audio_system_i/u_dsp/U0/u_top/clk
    SLICE_X49Y32         FDRE                                         r  audio_system_i/u_dsp/U0/u_top/gen_dsp.gen_full.sum_pair1_reg[12]/C
  -------------------------------------------------------------------    -------------------
    SLICE_X49Y32         FDRE (Prop_fdre_C_Q)         0.141     1.032 r  audio_system_i/u_dsp/U0/u_top/gen_dsp.gen_full.sum_pair1_reg[12]/Q
                         net (fo=1, routed)           0.149     1.181    audio_system_i/u_dsp/U0/u_top/sum_pair1[12]
    SLICE_X50Y32         LUT2 (Prop_lut2_I1_O)        0.045     1.226 r  audio_system_i/u_dsp/U0/u_top/gen_dsp.gen_full.program_sum[15]_i_5/O
                         net (fo=1, routed)           0.000     1.226    audio_system_i/u_dsp/U0/u_top/gen_dsp.gen_full.program_sum[15]_i_5_n_0
    SLICE_X50Y32         CARRY4 (Prop_carry4_S[0]_O[0])
                                                      0.070     1.296 r  audio_system_i/u_dsp/U0/u_top/gen_dsp.gen_full.program_sum_reg[15]_i_1/O[0]
                         net (fo=1, routed)           0.000     1.296    audio_system_i/u_dsp/U0/u_top/gen_dsp.gen_full.program_sum_reg[15]_i_1_n_7
    SLICE_X50Y32         FDRE                                         r  audio_system_i/u_dsp/U0/u_top/gen_dsp.gen_full.program_sum_reg[12]/D
  -------------------------------------------------------------------    -------------------

                         (clock clk_out1_audio_system_aud_clkwiz_0 rise edge)
                                                      0.000     0.000 r  
    PS7_X0Y0             PS7                          0.000     0.000 r  audio_system_i/sys_cpu/inst/PS7_i/FCLKCLK[0]
                         net (fo=1, routed)           0.337     0.337    audio_system_i/aud_clkwiz/inst/lopt
    BUFGCTRL_X0Y16       BUFG (Prop_bufg_I_O)         0.029     0.366 r  audio_system_i/aud_clkwiz/inst/clkin1_bufg/O
                         net (fo=1, routed)           0.864     1.230    audio_system_i/aud_clkwiz/inst/clk_in1_audio_system_aud_clkwiz_0
    MMCME2_ADV_X1Y0      MMCME2_ADV (Prop_mmcme2_adv_CLKIN1_CLKOUT0)
                                                     -1.467    -0.237 r  audio_system_i/aud_clkwiz/inst/mmcm_adv_inst/CLKOUT0
                         net (fo=1, routed)           0.576     0.339    audio_system_i/aud_clkwiz/inst/clk_out1_audio_system_aud_clkwiz_0
    BUFGCTRL_X0Y0        BUFG (Prop_bufg_I_O)         0.029     0.368 r  audio_system_i/aud_clkwiz/inst/clkout1_buf/O
                         net (fo=13183, routed)       0.815     1.183    audio_system_i/u_dsp/U0/u_top/clk
    SLICE_X50Y32         FDRE                                         r  audio_system_i/u_dsp/U0/u_top/gen_dsp.gen_full.program_sum_reg[12]/C
                         clock pessimism             -0.035     1.148    
    SLICE_X50Y32         FDRE (Hold_fdre_C_D)         0.134     1.282    audio_system_i/u_dsp/U0/u_top/gen_dsp.gen_full.program_sum_reg[12]
  -------------------------------------------------------------------
                         required time                         -1.282    
                         arrival time                           1.296    
  -------------------------------------------------------------------
                         slack                                  0.014    

Slack (MET) :             0.014ns  (arrival time - required time)
  Source:                 audio_system_i/u_dsp/U0/u_top/gen_dsp.gen_full.sum_pair1_reg[4]/C
                            (rising edge-triggered cell FDRE clocked by clk_out1_audio_system_aud_clkwiz_0  {rise@0.000ns fall@5.000ns period=10.000ns})
  Destination:            audio_system_i/u_dsp/U0/u_top/gen_dsp.gen_full.program_sum_reg[4]/D
                            (rising edge-triggered cell FDRE clocked by clk_out1_audio_system_aud_clkwiz_0  {rise@0.000ns fall@5.000ns period=10.000ns})
  Path Group:             clk_out1_audio_system_aud_clkwiz_0
  Path Type:              Hold (Min at Fast Process Corner)
  Requirement:            0.000ns  (clk_out1_audio_system_aud_clkwiz_0 rise@0.000ns - clk_out1_audio_system_aud_clkwiz_0 rise@0.000ns)
  Data Path Delay:        0.405ns  (logic 0.256ns (63.144%)  route 0.149ns (36.856%))
  Logic Levels:           2  (CARRY4=1 LUT2=1)
  Clock Path Skew:        0.257ns (DCD - SCD - CPR)
    Destination Clock Delay (DCD):    1.181ns
    Source Clock Delay      (SCD):    0.889ns
    Clock Pessimism Removal (CPR):    0.035ns

    Location             Delay type                Incr(ns)  Path(ns)    Netlist Resource(s)
  -------------------------------------------------------------------    -------------------
                         (clock clk_out1_audio_system_aud_clkwiz_0 rise edge)
                                                      0.000     0.000 r  
    PS7_X0Y0             PS7                          0.000     0.000 r  audio_system_i/sys_cpu/inst/PS7_i/FCLKCLK[0]
                         net (fo=1, routed)           0.310     0.310    audio_system_i/aud_clkwiz/inst/lopt
    BUFGCTRL_X0Y16       BUFG (Prop_bufg_I_O)         0.026     0.336 r  audio_system_i/aud_clkwiz/inst/clkin1_bufg/O
                         net (fo=1, routed)           0.597     0.933    audio_system_i/aud_clkwiz/inst/clk_in1_audio_system_aud_clkwiz_0
    MMCME2_ADV_X1Y0      MMCME2_ADV (Prop_mmcme2_adv_CLKIN1_CLKOUT0)
                                                     -1.150    -0.217 r  audio_system_i/aud_clkwiz/inst/mmcm_adv_inst/CLKOUT0
                         net (fo=1, routed)           0.529     0.312    audio_system_i/aud_clkwiz/inst/clk_out1_audio_system_aud_clkwiz_0
    BUFGCTRL_X0Y0        BUFG (Prop_bufg_I_O)         0.026     0.338 r  audio_system_i/aud_clkwiz/inst/clkout1_buf/O
                         net (fo=13183, routed)       0.551     0.888    audio_system_i/u_dsp/U0/u_top/clk
    SLICE_X49Y30         FDRE                                         r  audio_system_i/u_dsp/U0/u_top/gen_dsp.gen_full.sum_pair1_reg[4]/C
  -------------------------------------------------------------------    -------------------
    SLICE_X49Y30         FDRE (Prop_fdre_C_Q)         0.141     1.030 r  audio_system_i/u_dsp/U0/u_top/gen_dsp.gen_full.sum_pair1_reg[4]/Q
                         net (fo=1, routed)           0.149     1.179    audio_system_i/u_dsp/U0/u_top/sum_pair1[4]
    SLICE_X50Y30         LUT2 (Prop_lut2_I1_O)        0.045     1.224 r  audio_system_i/u_dsp/U0/u_top/gen_dsp.gen_full.program_sum[7]_i_5/O
                         net (fo=1, routed)           0.000     1.224    audio_system_i/u_dsp/U0/u_top/gen_dsp.gen_full.program_sum[7]_i_5_n_0
    SLICE_X50Y30         CARRY4 (Prop_carry4_S[0]_O[0])
                                                      0.070     1.294 r  audio_system_i/u_dsp/U0/u_top/gen_dsp.gen_full.program_sum_reg[7]_i_1/O[0]
                         net (fo=1, routed)           0.000     1.294    audio_system_i/u_dsp/U0/u_top/gen_dsp.gen_full.program_sum_reg[7]_i_1_n_7
    SLICE_X50Y30         FDRE                                         r  audio_system_i/u_dsp/U0/u_top/gen_dsp.gen_full.program_sum_reg[4]/D
  -------------------------------------------------------------------    -------------------

                         (clock clk_out1_audio_system_aud_clkwiz_0 rise edge)
                                                      0.000     0.000 r  
    PS7_X0Y0             PS7                          0.000     0.000 r  audio_system_i/sys_cpu/inst/PS7_i/FCLKCLK[0]
                         net (fo=1, routed)           0.337     0.337    audio_system_i/aud_clkwiz/inst/lopt
    BUFGCTRL_X0Y16       BUFG (Prop_bufg_I_O)         0.029     0.366 r  audio_system_i/aud_clkwiz/inst/clkin1_bufg/O
                         net (fo=1, routed)           0.864     1.230    audio_system_i/aud_clkwiz/inst/clk_in1_audio_system_aud_clkwiz_0
    MMCME2_ADV_X1Y0      MMCME2_ADV (Prop_mmcme2_adv_CLKIN1_CLKOUT0)
                                                     -1.467    -0.237 r  audio_system_i/aud_clkwiz/inst/mmcm_adv_inst/CLKOUT0
                         net (fo=1, routed)           0.576     0.339    audio_system_i/aud_clkwiz/inst/clk_out1_audio_system_aud_clkwiz_0
    BUFGCTRL_X0Y0        BUFG (Prop_bufg_I_O)         0.029     0.368 r  audio_system_i/aud_clkwiz/inst/clkout1_buf/O
                         net (fo=13183, routed)       0.813     1.181    audio_system_i/u_dsp/U0/u_top/clk
    SLICE_X50Y30         FDRE                                         r  audio_system_i/u_dsp/U0/u_top/gen_dsp.gen_full.program_sum_reg[4]/C
                         clock pessimism             -0.035     1.146    
    SLICE_X50Y30         FDRE (Hold_fdre_C_D)         0.134     1.280    audio_system_i/u_dsp/U0/u_top/gen_dsp.gen_full.program_sum_reg[4]
  -------------------------------------------------------------------
                         required time                         -1.280    
                         arrival time                           1.294    
  -------------------------------------------------------------------
                         slack                                  0.014    

Slack (MET) :             0.014ns  (arrival time - required time)
  Source:                 audio_system_i/u_dsp/U0/u_top/gen_dsp.gen_full.sum_pair1_reg[0]/C
                            (rising edge-triggered cell FDRE clocked by clk_out1_audio_system_aud_clkwiz_0  {rise@0.000ns fall@5.000ns period=10.000ns})
  Destination:            audio_system_i/u_dsp/U0/u_top/gen_dsp.gen_full.program_sum_reg[0]/D
                            (rising edge-triggered cell FDRE clocked by clk_out1_audio_system_aud_clkwiz_0  {rise@0.000ns fall@5.000ns period=10.000ns})
  Path Group:             clk_out1_audio_system_aud_clkwiz_0
  Path Type:              Hold (Min at Fast Process Corner)
  Requirement:            0.000ns  (clk_out1_audio_system_aud_clkwiz_0 rise@0.000ns - clk_out1_audio_system_aud_clkwiz_0 rise@0.000ns)
  Data Path Delay:        0.405ns  (logic 0.256ns (63.144%)  route 0.149ns (36.856%))
  Logic Levels:           2  (CARRY4=1 LUT2=1)
  Clock Path Skew:        0.257ns (DCD - SCD - CPR)
    Destination Clock Delay (DCD):    1.180ns
    Source Clock Delay      (SCD):    0.888ns
    Clock Pessimism Removal (CPR):    0.035ns

    Location             Delay type                Incr(ns)  Path(ns)    Netlist Resource(s)
  -------------------------------------------------------------------    -------------------
                         (clock clk_out1_audio_system_aud_clkwiz_0 rise edge)
                                                      0.000     0.000 r  
    PS7_X0Y0             PS7                          0.000     0.000 r  audio_system_i/sys_cpu/inst/PS7_i/FCLKCLK[0]
                         net (fo=1, routed)           0.310     0.310    audio_system_i/aud_clkwiz/inst/lopt
    BUFGCTRL_X0Y16       BUFG (Prop_bufg_I_O)         0.026     0.336 r  audio_system_i/aud_clkwiz/inst/clkin1_bufg/O
                         net (fo=1, routed)           0.597     0.933    audio_system_i/aud_clkwiz/inst/clk_in1_audio_system_aud_clkwiz_0
    MMCME2_ADV_X1Y0      MMCME2_ADV (Prop_mmcme2_adv_CLKIN1_CLKOUT0)
                                                     -1.150    -0.217 r  audio_system_i/aud_clkwiz/inst/mmcm_adv_inst/CLKOUT0
                         net (fo=1, routed)           0.529     0.312    audio_system_i/aud_clkwiz/inst/clk_out1_audio_system_aud_clkwiz_0
    BUFGCTRL_X0Y0        BUFG (Prop_bufg_I_O)         0.026     0.338 r  audio_system_i/aud_clkwiz/inst/clkout1_buf/O
                         net (fo=13183, routed)       0.550     0.888    audio_system_i/u_dsp/U0/u_top/clk
    SLICE_X49Y29         FDRE                                         r  audio_system_i/u_dsp/U0/u_top/gen_dsp.gen_full.sum_pair1_reg[0]/C
  -------------------------------------------------------------------    -------------------
    SLICE_X49Y29         FDRE (Prop_fdre_C_Q)         0.141     1.029 r  audio_system_i/u_dsp/U0/u_top/gen_dsp.gen_full.sum_pair1_reg[0]/Q
                         net (fo=1, routed)           0.149     1.178    audio_system_i/u_dsp/U0/u_top/sum_pair1[0]
    SLICE_X50Y29         LUT2 (Prop_lut2_I1_O)        0.045     1.223 r  audio_system_i/u_dsp/U0/u_top/gen_dsp.gen_full.program_sum[3]_i_5/O
                         net (fo=1, routed)           0.000     1.223    audio_system_i/u_dsp/U0/u_top/gen_dsp.gen_full.program_sum[3]_i_5_n_0
    SLICE_X50Y29         CARRY4 (Prop_carry4_S[0]_O[0])
                                                      0.070     1.293 r  audio_system_i/u_dsp/U0/u_top/gen_dsp.gen_full.program_sum_reg[3]_i_1/O[0]
                         net (fo=1, routed)           0.000     1.293    audio_system_i/u_dsp/U0/u_top/gen_dsp.gen_full.program_sum_reg[3]_i_1_n_7
    SLICE_X50Y29         FDRE                                         r  audio_system_i/u_dsp/U0/u_top/gen_dsp.gen_full.program_sum_reg[0]/D
  -------------------------------------------------------------------    -------------------

                         (clock clk_out1_audio_system_aud_clkwiz_0 rise edge)
                                                      0.000     0.000 r  
    PS7_X0Y0             PS7                          0.000     0.000 r  audio_system_i/sys_cpu/inst/PS7_i/FCLKCLK[0]
                         net (fo=1, routed)           0.337     0.337    audio_system_i/aud_clkwiz/inst/lopt
    BUFGCTRL_X0Y16       BUFG (Prop_bufg_I_O)         0.029     0.366 r  audio_system_i/aud_clkwiz/inst/clkin1_bufg/O
                         net (fo=1, routed)           0.864     1.230    audio_system_i/aud_clkwiz/inst/clk_in1_audio_system_aud_clkwiz_0
    MMCME2_ADV_X1Y0      MMCME2_ADV (Prop_mmcme2_adv_CLKIN1_CLKOUT0)
                                                     -1.467    -0.237 r  audio_system_i/aud_clkwiz/inst/mmcm_adv_inst/CLKOUT0
                         net (fo=1, routed)           0.576     0.339    audio_system_i/aud_clkwiz/inst/clk_out1_audio_system_aud_clkwiz_0
    BUFGCTRL_X0Y0        BUFG (Prop_bufg_I_O)         0.029     0.368 r  audio_system_i/aud_clkwiz/inst/clkout1_buf/O
                         net (fo=13183, routed)       0.812     1.180    audio_system_i/u_dsp/U0/u_top/clk
    SLICE_X50Y29         FDRE                                         r  audio_system_i/u_dsp/U0/u_top/gen_dsp.gen_full.program_sum_reg[0]/C
                         clock pessimism             -0.035     1.145    
    SLICE_X50Y29         FDRE (Hold_fdre_C_D)         0.134     1.279    audio_system_i/u_dsp/U0/u_top/gen_dsp.gen_full.program_sum_reg[0]
  -------------------------------------------------------------------
                         required time                         -1.279    
                         arrival time                           1.293    
  -------------------------------------------------------------------
                         slack                                  0.014    

Slack (MET) :             0.014ns  (arrival time - required time)
  Source:                 audio_system_i/u_dsp/U0/u_top/gen_dsp.gen_full.sum_pair1_reg[20]/C
                            (rising edge-triggered cell FDRE clocked by clk_out1_audio_system_aud_clkwiz_0  {rise@0.000ns fall@5.000ns period=10.000ns})
  Destination:            audio_system_i/u_dsp/U0/u_top/gen_dsp.gen_full.program_sum_reg[20]/D
                            (rising edge-triggered cell FDRE clocked by clk_out1_audio_system_aud_clkwiz_0  {rise@0.000ns fall@5.000ns period=10.000ns})
  Path Group:             clk_out1_audio_system_aud_clkwiz_0
  Path Type:              Hold (Min at Fast Process Corner)
  Requirement:            0.000ns  (clk_out1_audio_system_aud_clkwiz_0 rise@0.000ns - clk_out1_audio_system_aud_clkwiz_0 rise@0.000ns)
  Data Path Delay:        0.405ns  (logic 0.256ns (63.144%)  route 0.149ns (36.856%))
  Logic Levels:           2  (CARRY4=1 LUT2=1)
  Clock Path Skew:        0.257ns (DCD - SCD - CPR)
    Destination Clock Delay (DCD):    1.185ns
    Source Clock Delay      (SCD):    0.893ns
    Clock Pessimism Removal (CPR):    0.035ns

    Location             Delay type                Incr(ns)  Path(ns)    Netlist Resource(s)
  -------------------------------------------------------------------    -------------------
                         (clock clk_out1_audio_system_aud_clkwiz_0 rise edge)
                                                      0.000     0.000 r  
    PS7_X0Y0             PS7                          0.000     0.000 r  audio_system_i/sys_cpu/inst/PS7_i/FCLKCLK[0]
                         net (fo=1, routed)           0.310     0.310    audio_system_i/aud_clkwiz/inst/lopt
    BUFGCTRL_X0Y16       BUFG (Prop_bufg_I_O)         0.026     0.336 r  audio_system_i/aud_clkwiz/inst/clkin1_bufg/O
                         net (fo=1, routed)           0.597     0.933    audio_system_i/aud_clkwiz/inst/clk_in1_audio_system_aud_clkwiz_0
    MMCME2_ADV_X1Y0      MMCME2_ADV (Prop_mmcme2_adv_CLKIN1_CLKOUT0)
                                                     -1.150    -0.217 r  audio_system_i/aud_clkwiz/inst/mmcm_adv_inst/CLKOUT0
                         net (fo=1, routed)           0.529     0.312    audio_system_i/aud_clkwiz/inst/clk_out1_audio_system_aud_clkwiz_0
    BUFGCTRL_X0Y0        BUFG (Prop_bufg_I_O)         0.026     0.338 r  audio_system_i/aud_clkwiz/inst/clkout1_buf/O
                         net (fo=13183, routed)       0.555     0.893    audio_system_i/u_dsp/U0/u_top/clk
    SLICE_X49Y34         FDRE                                         r  audio_system_i/u_dsp/U0/u_top/gen_dsp.gen_full.sum_pair1_reg[20]/C
  -------------------------------------------------------------------    -------------------
    SLICE_X49Y34         FDRE (Prop_fdre_C_Q)         0.141     1.034 r  audio_system_i/u_dsp/U0/u_top/gen_dsp.gen_full.sum_pair1_reg[20]/Q
                         net (fo=1, routed)           0.149     1.183    audio_system_i/u_dsp/U0/u_top/sum_pair1[20]
    SLICE_X50Y34         LUT2 (Prop_lut2_I1_O)        0.045     1.228 r  audio_system_i/u_dsp/U0/u_top/gen_dsp.gen_full.program_sum[23]_i_5/O
                         net (fo=1, routed)           0.000     1.228    audio_system_i/u_dsp/U0/u_top/gen_dsp.gen_full.program_sum[23]_i_5_n_0
    SLICE_X50Y34         CARRY4 (Prop_carry4_S[0]_O[0])
                                                      0.070     1.298 r  audio_system_i/u_dsp/U0/u_top/gen_dsp.gen_full.program_sum_reg[23]_i_1/O[0]
                         net (fo=1, routed)           0.000     1.298    audio_system_i/u_dsp/U0/u_top/gen_dsp.gen_full.program_sum_reg[23]_i_1_n_7
    SLICE_X50Y34         FDRE                                         r  audio_system_i/u_dsp/U0/u_top/gen_dsp.gen_full.program_sum_reg[20]/D
  -------------------------------------------------------------------    -------------------

                         (clock clk_out1_audio_system_aud_clkwiz_0 rise edge)
                                                      0.000     0.000 r  
    PS7_X0Y0             PS7                          0.000     0.000 r  audio_system_i/sys_cpu/inst/PS7_i/FCLKCLK[0]
                         net (fo=1, routed)           0.337     0.337    audio_system_i/aud_clkwiz/inst/lopt
    BUFGCTRL_X0Y16       BUFG (Prop_bufg_I_O)         0.029     0.366 r  audio_system_i/aud_clkwiz/inst/clkin1_bufg/O
                         net (fo=1, routed)           0.864     1.230    audio_system_i/aud_clkwiz/inst/clk_in1_audio_system_aud_clkwiz_0
    MMCME2_ADV_X1Y0      MMCME2_ADV (Prop_mmcme2_adv_CLKIN1_CLKOUT0)
                                                     -1.467    -0.237 r  audio_system_i/aud_clkwiz/inst/mmcm_adv_inst/CLKOUT0
                         net (fo=1, routed)           0.576     0.339    audio_system_i/aud_clkwiz/inst/clk_out1_audio_system_aud_clkwiz_0
    BUFGCTRL_X0Y0        BUFG (Prop_bufg_I_O)         0.029     0.368 r  audio_system_i/aud_clkwiz/inst/clkout1_buf/O
                         net (fo=13183, routed)       0.817     1.185    audio_system_i/u_dsp/U0/u_top/clk
    SLICE_X50Y34         FDRE                                         r  audio_system_i/u_dsp/U0/u_top/gen_dsp.gen_full.program_sum_reg[20]/C
                         clock pessimism             -0.035     1.150    
    SLICE_X50Y34         FDRE (Hold_fdre_C_D)         0.134     1.284    audio_system_i/u_dsp/U0/u_top/gen_dsp.gen_full.program_sum_reg[20]
  -------------------------------------------------------------------
                         required time                         -1.284    
                         arrival time                           1.298    
  -------------------------------------------------------------------
                         slack                                  0.014    

Slack (MET) :             0.021ns  (arrival time - required time)
  Source:                 audio_system_i/u_dsp/U0/u_top/gen_dsp.gen_full.u_ss1/u_ctrl/x_next_reg[10][6]/C
                            (rising edge-triggered cell FDRE clocked by clk_out1_audio_system_aud_clkwiz_0  {rise@0.000ns fall@5.000ns period=10.000ns})
  Destination:            audio_system_i/u_dsp/U0/u_top/gen_dsp.gen_full.u_ss1/u_ctrl/x_reg_reg[10][6]/D
                            (rising edge-triggered cell FDRE clocked by clk_out1_audio_system_aud_clkwiz_0  {rise@0.000ns fall@5.000ns period=10.000ns})
  Path Group:             clk_out1_audio_system_aud_clkwiz_0
  Path Type:              Hold (Min at Fast Process Corner)
  Requirement:            0.000ns  (clk_out1_audio_system_aud_clkwiz_0 rise@0.000ns - clk_out1_audio_system_aud_clkwiz_0 rise@0.000ns)
  Data Path Delay:        0.336ns  (logic 0.141ns (41.910%)  route 0.195ns (58.090%))
  Logic Levels:           0  
  Clock Path Skew:        0.269ns (DCD - SCD - CPR)
    Destination Clock Delay (DCD):    1.192ns
    Source Clock Delay      (SCD):    0.888ns
    Clock Pessimism Removal (CPR):    0.035ns

    Location             Delay type                Incr(ns)  Path(ns)    Netlist Resource(s)
  -------------------------------------------------------------------    -------------------
                         (clock clk_out1_audio_system_aud_clkwiz_0 rise edge)
                                                      0.000     0.000 r  
    PS7_X0Y0             PS7                          0.000     0.000 r  audio_system_i/sys_cpu/inst/PS7_i/FCLKCLK[0]
                         net (fo=1, routed)           0.310     0.310    audio_system_i/aud_clkwiz/inst/lopt
    BUFGCTRL_X0Y16       BUFG (Prop_bufg_I_O)         0.026     0.336 r  audio_system_i/aud_clkwiz/inst/clkin1_bufg/O
                         net (fo=1, routed)           0.597     0.933    audio_system_i/aud_clkwiz/inst/clk_in1_audio_system_aud_clkwiz_0
    MMCME2_ADV_X1Y0      MMCME2_ADV (Prop_mmcme2_adv_CLKIN1_CLKOUT0)
                                                     -1.150    -0.217 r  audio_system_i/aud_clkwiz/inst/mmcm_adv_inst/CLKOUT0
                         net (fo=1, routed)           0.529     0.312    audio_system_i/aud_clkwiz/inst/clk_out1_audio_system_aud_clkwiz_0
    BUFGCTRL_X0Y0        BUFG (Prop_bufg_I_O)         0.026     0.338 r  audio_system_i/aud_clkwiz/inst/clkout1_buf/O
                         net (fo=13183, routed)       0.550     0.888    audio_system_i/u_dsp/U0/u_top/gen_dsp.gen_full.u_ss1/u_ctrl/clk
    SLICE_X52Y63         FDRE                                         r  audio_system_i/u_dsp/U0/u_top/gen_dsp.gen_full.u_ss1/u_ctrl/x_next_reg[10][6]/C
  -------------------------------------------------------------------    -------------------
    SLICE_X52Y63         FDRE (Prop_fdre_C_Q)         0.141     1.029 r  audio_system_i/u_dsp/U0/u_top/gen_dsp.gen_full.u_ss1/u_ctrl/x_next_reg[10][6]/Q
                         net (fo=1, routed)           0.195     1.224    audio_system_i/u_dsp/U0/u_top/gen_dsp.gen_full.u_ss1/u_ctrl/x_next_reg[10]_140[6]
    SLICE_X49Y61         FDRE                                         r  audio_system_i/u_dsp/U0/u_top/gen_dsp.gen_full.u_ss1/u_ctrl/x_reg_reg[10][6]/D
  -------------------------------------------------------------------    -------------------

                         (clock clk_out1_audio_system_aud_clkwiz_0 rise edge)
                                                      0.000     0.000 r  
    PS7_X0Y0             PS7                          0.000     0.000 r  audio_system_i/sys_cpu/inst/PS7_i/FCLKCLK[0]
                         net (fo=1, routed)           0.337     0.337    audio_system_i/aud_clkwiz/inst/lopt
    BUFGCTRL_X0Y16       BUFG (Prop_bufg_I_O)         0.029     0.366 r  audio_system_i/aud_clkwiz/inst/clkin1_bufg/O
                         net (fo=1, routed)           0.864     1.230    audio_system_i/aud_clkwiz/inst/clk_in1_audio_system_aud_clkwiz_0
    MMCME2_ADV_X1Y0      MMCME2_ADV (Prop_mmcme2_adv_CLKIN1_CLKOUT0)
                                                     -1.467    -0.237 r  audio_system_i/aud_clkwiz/inst/mmcm_adv_inst/CLKOUT0
                         net (fo=1, routed)           0.576     0.339    audio_system_i/aud_clkwiz/inst/clk_out1_audio_system_aud_clkwiz_0
    BUFGCTRL_X0Y0        BUFG (Prop_bufg_I_O)         0.029     0.368 r  audio_system_i/aud_clkwiz/inst/clkout1_buf/O
                         net (fo=13183, routed)       0.824     1.192    audio_system_i/u_dsp/U0/u_top/gen_dsp.gen_full.u_ss1/u_ctrl/clk
    SLICE_X49Y61         FDRE                                         r  audio_system_i/u_dsp/U0/u_top/gen_dsp.gen_full.u_ss1/u_ctrl/x_reg_reg[10][6]/C
                         clock pessimism             -0.035     1.157    
    SLICE_X49Y61         FDRE (Hold_fdre_C_D)         0.046     1.203    audio_system_i/u_dsp/U0/u_top/gen_dsp.gen_full.u_ss1/u_ctrl/x_reg_reg[10][6]
  -------------------------------------------------------------------
                         required time                         -1.203    
                         arrival time                           1.224    
  -------------------------------------------------------------------
                         slack                                  0.021    

Slack (MET) :             0.032ns  (arrival time - required time)
  Source:                 audio_system_i/u_dsp/U0/u_top/gen_dsp.gen_full.sum_pair1_reg[24]/C
                            (rising edge-triggered cell FDRE clocked by clk_out1_audio_system_aud_clkwiz_0  {rise@0.000ns fall@5.000ns period=10.000ns})
  Destination:            audio_system_i/u_dsp/U0/u_top/gen_dsp.gen_full.program_sum_reg[24]/D
                            (rising edge-triggered cell FDRE clocked by clk_out1_audio_system_aud_clkwiz_0  {rise@0.000ns fall@5.000ns period=10.000ns})
  Path Group:             clk_out1_audio_system_aud_clkwiz_0
  Path Type:              Hold (Min at Fast Process Corner)
  Requirement:            0.000ns  (clk_out1_audio_system_aud_clkwiz_0 rise@0.000ns - clk_out1_audio_system_aud_clkwiz_0 rise@0.000ns)
  Data Path Delay:        0.424ns  (logic 0.256ns (60.380%)  route 0.168ns (39.620%))
  Logic Levels:           2  (CARRY4=1 LUT2=1)
  Clock Path Skew:        0.258ns (DCD - SCD - CPR)
    Destination Clock Delay (DCD):    1.186ns
    Source Clock Delay      (SCD):    0.893ns
    Clock Pessimism Removal (CPR):    0.035ns

    Location             Delay type                Incr(ns)  Path(ns)    Netlist Resource(s)
  -------------------------------------------------------------------    -------------------
                         (clock clk_out1_audio_system_aud_clkwiz_0 rise edge)
                                                      0.000     0.000 r  
    PS7_X0Y0             PS7                          0.000     0.000 r  audio_system_i/sys_cpu/inst/PS7_i/FCLKCLK[0]
                         net (fo=1, routed)           0.310     0.310    audio_system_i/aud_clkwiz/inst/lopt
    BUFGCTRL_X0Y16       BUFG (Prop_bufg_I_O)         0.026     0.336 r  audio_system_i/aud_clkwiz/inst/clkin1_bufg/O
                         net (fo=1, routed)           0.597     0.933    audio_system_i/aud_clkwiz/inst/clk_in1_audio_system_aud_clkwiz_0
    MMCME2_ADV_X1Y0      MMCME2_ADV (Prop_mmcme2_adv_CLKIN1_CLKOUT0)
                                                     -1.150    -0.217 r  audio_system_i/aud_clkwiz/inst/mmcm_adv_inst/CLKOUT0
                         net (fo=1, routed)           0.529     0.312    audio_system_i/aud_clkwiz/inst/clk_out1_audio_system_aud_clkwiz_0
    BUFGCTRL_X0Y0        BUFG (Prop_bufg_I_O)         0.026     0.338 r  audio_system_i/aud_clkwiz/inst/clkout1_buf/O
                         net (fo=13183, routed)       0.555     0.893    audio_system_i/u_dsp/U0/u_top/clk
    SLICE_X49Y35         FDRE                                         r  audio_system_i/u_dsp/U0/u_top/gen_dsp.gen_full.sum_pair1_reg[24]/C
  -------------------------------------------------------------------    -------------------
    SLICE_X49Y35         FDRE (Prop_fdre_C_Q)         0.141     1.034 r  audio_system_i/u_dsp/U0/u_top/gen_dsp.gen_full.sum_pair1_reg[24]/Q
                         net (fo=3, routed)           0.168     1.201    audio_system_i/u_dsp/U0/u_top/sum_pair1[24]
    SLICE_X50Y35         LUT2 (Prop_lut2_I1_O)        0.045     1.246 r  audio_system_i/u_dsp/U0/u_top/gen_dsp.gen_full.program_sum[26]_i_4/O
                         net (fo=1, routed)           0.000     1.246    audio_system_i/u_dsp/U0/u_top/gen_dsp.gen_full.program_sum[26]_i_4_n_0
    SLICE_X50Y35         CARRY4 (Prop_carry4_S[0]_O[0])
                                                      0.070     1.316 r  audio_system_i/u_dsp/U0/u_top/gen_dsp.gen_full.program_sum_reg[26]_i_1/O[0]
                         net (fo=1, routed)           0.000     1.316    audio_system_i/u_dsp/U0/u_top/gen_dsp.gen_full.program_sum_reg[26]_i_1_n_7
    SLICE_X50Y35         FDRE                                         r  audio_system_i/u_dsp/U0/u_top/gen_dsp.gen_full.program_sum_reg[24]/D
  -------------------------------------------------------------------    -------------------

                         (clock clk_out1_audio_system_aud_clkwiz_0 rise edge)
                                                      0.000     0.000 r  
    PS7_X0Y0             PS7                          0.000     0.000 r  audio_system_i/sys_cpu/inst/PS7_i/FCLKCLK[0]
                         net (fo=1, routed)           0.337     0.337    audio_system_i/aud_clkwiz/inst/lopt
    BUFGCTRL_X0Y16       BUFG (Prop_bufg_I_O)         0.029     0.366 r  audio_system_i/aud_clkwiz/inst/clkin1_bufg/O
                         net (fo=1, routed)           0.864     1.230    audio_system_i/aud_clkwiz/inst/clk_in1_audio_system_aud_clkwiz_0
    MMCME2_ADV_X1Y0      MMCME2_ADV (Prop_mmcme2_adv_CLKIN1_CLKOUT0)
                                                     -1.467    -0.237 r  audio_system_i/aud_clkwiz/inst/mmcm_adv_inst/CLKOUT0
                         net (fo=1, routed)           0.576     0.339    audio_system_i/aud_clkwiz/inst/clk_out1_audio_system_aud_clkwiz_0
    BUFGCTRL_X0Y0        BUFG (Prop_bufg_I_O)         0.029     0.368 r  audio_system_i/aud_clkwiz/inst/clkout1_buf/O
                         net (fo=13183, routed)       0.818     1.186    audio_system_i/u_dsp/U0/u_top/clk
    SLICE_X50Y35         FDRE                                         r  audio_system_i/u_dsp/U0/u_top/gen_dsp.gen_full.program_sum_reg[24]/C
                         clock pessimism             -0.035     1.151    
    SLICE_X50Y35         FDRE (Hold_fdre_C_D)         0.134     1.285    audio_system_i/u_dsp/U0/u_top/gen_dsp.gen_full.program_sum_reg[24]
  -------------------------------------------------------------------
                         required time                         -1.285    
                         arrival time                           1.316    
  -------------------------------------------------------------------
                         slack                                  0.032    

Slack (MET) :             0.032ns  (arrival time - required time)
  Source:                 audio_system_i/u_dsp/U0/u_top/gen_dsp.gen_full.sum_pair1_reg[24]/C
                            (rising edge-triggered cell FDRE clocked by clk_out1_audio_system_aud_clkwiz_0  {rise@0.000ns fall@5.000ns period=10.000ns})
  Destination:            audio_system_i/u_dsp/U0/u_top/gen_dsp.gen_full.program_sum_reg[25]/D
                            (rising edge-triggered cell FDRE clocked by clk_out1_audio_system_aud_clkwiz_0  {rise@0.000ns fall@5.000ns period=10.000ns})
  Path Group:             clk_out1_audio_system_aud_clkwiz_0
  Path Type:              Hold (Min at Fast Process Corner)
  Requirement:            0.000ns  (clk_out1_audio_system_aud_clkwiz_0 rise@0.000ns - clk_out1_audio_system_aud_clkwiz_0 rise@0.000ns)
  Data Path Delay:        0.424ns  (logic 0.252ns (59.436%)  route 0.172ns (40.564%))
  Logic Levels:           2  (CARRY4=1 LUT2=1)
  Clock Path Skew:        0.258ns (DCD - SCD - CPR)
    Destination Clock Delay (DCD):    1.186ns
    Source Clock Delay      (SCD):    0.893ns
    Clock Pessimism Removal (CPR):    0.035ns

    Location             Delay type                Incr(ns)  Path(ns)    Netlist Resource(s)
  -------------------------------------------------------------------    -------------------
                         (clock clk_out1_audio_system_aud_clkwiz_0 rise edge)
                                                      0.000     0.000 r  
    PS7_X0Y0             PS7                          0.000     0.000 r  audio_system_i/sys_cpu/inst/PS7_i/FCLKCLK[0]
                         net (fo=1, routed)           0.310     0.310    audio_system_i/aud_clkwiz/inst/lopt
    BUFGCTRL_X0Y16       BUFG (Prop_bufg_I_O)         0.026     0.336 r  audio_system_i/aud_clkwiz/inst/clkin1_bufg/O
                         net (fo=1, routed)           0.597     0.933    audio_system_i/aud_clkwiz/inst/clk_in1_audio_system_aud_clkwiz_0
    MMCME2_ADV_X1Y0      MMCME2_ADV (Prop_mmcme2_adv_CLKIN1_CLKOUT0)
                                                     -1.150    -0.217 r  audio_system_i/aud_clkwiz/inst/mmcm_adv_inst/CLKOUT0
                         net (fo=1, routed)           0.529     0.312    audio_system_i/aud_clkwiz/inst/clk_out1_audio_system_aud_clkwiz_0
    BUFGCTRL_X0Y0        BUFG (Prop_bufg_I_O)         0.026     0.338 r  audio_system_i/aud_clkwiz/inst/clkout1_buf/O
                         net (fo=13183, routed)       0.555     0.893    audio_system_i/u_dsp/U0/u_top/clk
    SLICE_X49Y35         FDRE                                         r  audio_system_i/u_dsp/U0/u_top/gen_dsp.gen_full.sum_pair1_reg[24]/C
  -------------------------------------------------------------------    -------------------
    SLICE_X49Y35         FDRE (Prop_fdre_C_Q)         0.141     1.034 r  audio_system_i/u_dsp/U0/u_top/gen_dsp.gen_full.sum_pair1_reg[24]/Q
                         net (fo=3, routed)           0.172     1.205    audio_system_i/u_dsp/U0/u_top/sum_pair1[24]
    SLICE_X50Y35         LUT2 (Prop_lut2_I1_O)        0.045     1.250 r  audio_system_i/u_dsp/U0/u_top/gen_dsp.gen_full.program_sum[26]_i_3/O
                         net (fo=1, routed)           0.000     1.250    audio_system_i/u_dsp/U0/u_top/gen_dsp.gen_full.program_sum[26]_i_3_n_0
    SLICE_X50Y35         CARRY4 (Prop_carry4_S[1]_O[1])
                                                      0.066     1.316 r  audio_system_i/u_dsp/U0/u_top/gen_dsp.gen_full.program_sum_reg[26]_i_1/O[1]
                         net (fo=1, routed)           0.000     1.316    audio_system_i/u_dsp/U0/u_top/gen_dsp.gen_full.program_sum_reg[26]_i_1_n_6
    SLICE_X50Y35         FDRE                                         r  audio_system_i/u_dsp/U0/u_top/gen_dsp.gen_full.program_sum_reg[25]/D
  -------------------------------------------------------------------    -------------------

                         (clock clk_out1_audio_system_aud_clkwiz_0 rise edge)
                                                      0.000     0.000 r  
    PS7_X0Y0             PS7                          0.000     0.000 r  audio_system_i/sys_cpu/inst/PS7_i/FCLKCLK[0]
                         net (fo=1, routed)           0.337     0.337    audio_system_i/aud_clkwiz/inst/lopt
    BUFGCTRL_X0Y16       BUFG (Prop_bufg_I_O)         0.029     0.366 r  audio_system_i/aud_clkwiz/inst/clkin1_bufg/O
                         net (fo=1, routed)           0.864     1.230    audio_system_i/aud_clkwiz/inst/clk_in1_audio_system_aud_clkwiz_0
    MMCME2_ADV_X1Y0      MMCME2_ADV (Prop_mmcme2_adv_CLKIN1_CLKOUT0)
                                                     -1.467    -0.237 r  audio_system_i/aud_clkwiz/inst/mmcm_adv_inst/CLKOUT0
                         net (fo=1, routed)           0.576     0.339    audio_system_i/aud_clkwiz/inst/clk_out1_audio_system_aud_clkwiz_0
    BUFGCTRL_X0Y0        BUFG (Prop_bufg_I_O)         0.029     0.368 r  audio_system_i/aud_clkwiz/inst/clkout1_buf/O
                         net (fo=13183, routed)       0.818     1.186    audio_system_i/u_dsp/U0/u_top/clk
    SLICE_X50Y35         FDRE                                         r  audio_system_i/u_dsp/U0/u_top/gen_dsp.gen_full.program_sum_reg[25]/C
                         clock pessimism             -0.035     1.151    
    SLICE_X50Y35         FDRE (Hold_fdre_C_D)         0.134     1.285    audio_system_i/u_dsp/U0/u_top/gen_dsp.gen_full.program_sum_reg[25]
  -------------------------------------------------------------------
                         required time                         -1.285    
                         arrival time                           1.316    
  -------------------------------------------------------------------
                         slack                                  0.032    

Slack (MET) :             0.032ns  (arrival time - required time)
  Source:                 audio_system_i/u_dsp/U0/u_top/gen_dsp.u_xover/st_x1_reg[11][10]/C
                            (rising edge-triggered cell FDRE clocked by clk_out1_audio_system_aud_clkwiz_0  {rise@0.000ns fall@5.000ns period=10.000ns})
  Destination:            audio_system_i/u_dsp/U0/u_top/gen_dsp.u_xover/x1_r_reg[10]/D
                            (rising edge-triggered cell FDRE clocked by clk_out1_audio_system_aud_clkwiz_0  {rise@0.000ns fall@5.000ns period=10.000ns})
  Path Group:             clk_out1_audio_system_aud_clkwiz_0
  Path Type:              Hold (Min at Fast Process Corner)
  Requirement:            0.000ns  (clk_out1_audio_system_aud_clkwiz_0 rise@0.000ns - clk_out1_audio_system_aud_clkwiz_0 rise@0.000ns)
  Data Path Delay:        0.423ns  (logic 0.267ns (63.101%)  route 0.156ns (36.899%))
  Logic Levels:           3  (LUT6=1 MUXF7=1 MUXF8=1)
  Clock Path Skew:        0.257ns (DCD - SCD - CPR)
    Destination Clock Delay (DCD):    1.182ns
    Source Clock Delay      (SCD):    0.890ns
    Clock Pessimism Removal (CPR):    0.035ns

    Location             Delay type                Incr(ns)  Path(ns)    Netlist Resource(s)
  -------------------------------------------------------------------    -------------------
                         (clock clk_out1_audio_system_aud_clkwiz_0 rise edge)
                                                      0.000     0.000 r  
    PS7_X0Y0             PS7                          0.000     0.000 r  audio_system_i/sys_cpu/inst/PS7_i/FCLKCLK[0]
                         net (fo=1, routed)           0.310     0.310    audio_system_i/aud_clkwiz/inst/lopt
    BUFGCTRL_X0Y16       BUFG (Prop_bufg_I_O)         0.026     0.336 r  audio_system_i/aud_clkwiz/inst/clkin1_bufg/O
                         net (fo=1, routed)           0.597     0.933    audio_system_i/aud_clkwiz/inst/clk_in1_audio_system_aud_clkwiz_0
    MMCME2_ADV_X1Y0      MMCME2_ADV (Prop_mmcme2_adv_CLKIN1_CLKOUT0)
                                                     -1.150    -0.217 r  audio_system_i/aud_clkwiz/inst/mmcm_adv_inst/CLKOUT0
                         net (fo=1, routed)           0.529     0.312    audio_system_i/aud_clkwiz/inst/clk_out1_audio_system_aud_clkwiz_0
    BUFGCTRL_X0Y0        BUFG (Prop_bufg_I_O)         0.026     0.338 r  audio_system_i/aud_clkwiz/inst/clkout1_buf/O
                         net (fo=13183, routed)       0.552     0.890    audio_system_i/u_dsp/U0/u_top/gen_dsp.u_xover/clk
    SLICE_X48Y18         FDRE                                         r  audio_system_i/u_dsp/U0/u_top/gen_dsp.u_xover/st_x1_reg[11][10]/C
  -------------------------------------------------------------------    -------------------
    SLICE_X48Y18         FDRE (Prop_fdre_C_Q)         0.141     1.031 r  audio_system_i/u_dsp/U0/u_top/gen_dsp.u_xover/st_x1_reg[11][10]/Q
                         net (fo=1, routed)           0.156     1.187    audio_system_i/u_dsp/U0/u_top/gen_dsp.u_xover/st_x1_reg[11]_13[10]
    SLICE_X50Y18         LUT6 (Prop_lut6_I0_O)        0.045     1.232 r  audio_system_i/u_dsp/U0/u_top/gen_dsp.u_xover/x1_r[10]_i_6/O
                         net (fo=1, routed)           0.000     1.232    audio_system_i/u_dsp/U0/u_top/gen_dsp.u_xover/x1_r[10]_i_6_n_0
    SLICE_X50Y18         MUXF7 (Prop_muxf7_I0_O)      0.062     1.294 r  audio_system_i/u_dsp/U0/u_top/gen_dsp.u_xover/x1_r_reg[10]_i_3/O
                         net (fo=1, routed)           0.000     1.294    audio_system_i/u_dsp/U0/u_top/gen_dsp.u_xover/x1_r_reg[10]_i_3_n_0
    SLICE_X50Y18         MUXF8 (Prop_muxf8_I1_O)      0.019     1.313 r  audio_system_i/u_dsp/U0/u_top/gen_dsp.u_xover/x1_r_reg[10]_i_1/O
                         net (fo=1, routed)           0.000     1.313    audio_system_i/u_dsp/U0/u_top/gen_dsp.u_xover/st_x1[0]_57[10]
    SLICE_X50Y18         FDRE                                         r  audio_system_i/u_dsp/U0/u_top/gen_dsp.u_xover/x1_r_reg[10]/D
  -------------------------------------------------------------------    -------------------

                         (clock clk_out1_audio_system_aud_clkwiz_0 rise edge)
                                                      0.000     0.000 r  
    PS7_X0Y0             PS7                          0.000     0.000 r  audio_system_i/sys_cpu/inst/PS7_i/FCLKCLK[0]
                         net (fo=1, routed)           0.337     0.337    audio_system_i/aud_clkwiz/inst/lopt
    BUFGCTRL_X0Y16       BUFG (Prop_bufg_I_O)         0.029     0.366 r  audio_system_i/aud_clkwiz/inst/clkin1_bufg/O
                         net (fo=1, routed)           0.864     1.230    audio_system_i/aud_clkwiz/inst/clk_in1_audio_system_aud_clkwiz_0
    MMCME2_ADV_X1Y0      MMCME2_ADV (Prop_mmcme2_adv_CLKIN1_CLKOUT0)
                                                     -1.467    -0.237 r  audio_system_i/aud_clkwiz/inst/mmcm_adv_inst/CLKOUT0
                         net (fo=1, routed)           0.576     0.339    audio_system_i/aud_clkwiz/inst/clk_out1_audio_system_aud_clkwiz_0
    BUFGCTRL_X0Y0        BUFG (Prop_bufg_I_O)         0.029     0.368 r  audio_system_i/aud_clkwiz/inst/clkout1_buf/O
                         net (fo=13183, routed)       0.814     1.182    audio_system_i/u_dsp/U0/u_top/gen_dsp.u_xover/clk
    SLICE_X50Y18         FDRE                                         r  audio_system_i/u_dsp/U0/u_top/gen_dsp.u_xover/x1_r_reg[10]/C
                         clock pessimism             -0.035     1.147    
    SLICE_X50Y18         FDRE (Hold_fdre_C_D)         0.134     1.281    audio_system_i/u_dsp/U0/u_top/gen_dsp.u_xover/x1_r_reg[10]
  -------------------------------------------------------------------
                         required time                         -1.281    
                         arrival time                           1.313    
  -------------------------------------------------------------------
                         slack                                  0.032    





Pulse Width Checks
--------------------------------------------------------------------------------------
Clock Name:         clk_out1_audio_system_aud_clkwiz_0
Waveform(ns):       { 0.000 5.000 }
Period(ns):         10.000
Sources:            { audio_system_i/aud_clkwiz/inst/mmcm_adv_inst/CLKOUT0 }

Check Type        Corner  Lib Pin             Reference Pin  Required(ns)  Actual(ns)  Slack(ns)  Location         Pin
Min Period        n/a     DSP48E1/CLK         n/a            3.687         10.000      6.313      DSP48_X4Y18      audio_system_i/u_dsp/U0/u_top/gen_dsp.gen_full.u_ss1/u_ctrl/ARG__0/CLK
Min Period        n/a     DSP48E1/CLK         n/a            3.687         10.000      6.313      DSP48_X2Y22      audio_system_i/u_dsp/U0/u_top/gen_dsp.gen_full.u_ss2/u_ctrl/ARG__0/CLK
Min Period        n/a     DSP48E1/CLK         n/a            3.687         10.000      6.313      DSP48_X2Y13      audio_system_i/u_dsp/U0/u_top/gen_dsp.gen_full.u_ss3/u_ctrl/ARG__0/CLK
Min Period        n/a     DSP48E1/CLK         n/a            3.687         10.000      6.313      DSP48_X3Y12      audio_system_i/u_dsp/U0/u_top/gen_dsp.gen_full.u_ss4/u_ctrl/ARG__0/CLK
Min Period        n/a     RAMB36E1/CLKARDCLK  n/a            2.944         10.000      7.056      RAMB36_X3Y7      audio_system_i/u_dsp/U0/u_top/gen_dsp.gen_full.u_ss1/u_coeff_store/mem_reg_0/CLKARDCLK
Min Period        n/a     RAMB36E1/CLKARDCLK  n/a            2.944         10.000      7.056      RAMB36_X2Y7      audio_system_i/u_dsp/U0/u_top/gen_dsp.gen_full.u_ss1/u_coeff_store/mem_reg_1/CLKARDCLK
Min Period        n/a     RAMB36E1/CLKARDCLK  n/a            2.944         10.000      7.056      RAMB36_X1Y7      audio_system_i/u_dsp/U0/u_top/gen_dsp.gen_full.u_ss1/u_coeff_store/mem_reg_2/CLKARDCLK
Min Period        n/a     RAMB36E1/CLKARDCLK  n/a            2.944         10.000      7.056      RAMB36_X1Y5      audio_system_i/u_dsp/U0/u_top/gen_dsp.gen_full.u_ss1/u_coeff_store/mem_reg_3/CLKARDCLK
Min Period        n/a     RAMB36E1/CLKARDCLK  n/a            2.944         10.000      7.056      RAMB36_X3Y6      audio_system_i/u_dsp/U0/u_top/gen_dsp.gen_full.u_ss1/u_coeff_store/mem_reg_4/CLKARDCLK
Min Period        n/a     RAMB36E1/CLKARDCLK  n/a            2.944         10.000      7.056      RAMB36_X3Y5      audio_system_i/u_dsp/U0/u_top/gen_dsp.gen_full.u_ss1/u_coeff_store/mem_reg_5/CLKARDCLK
Max Period        n/a     MMCME2_ADV/CLKOUT0  n/a            213.360       10.000      203.360    MMCME2_ADV_X1Y0  audio_system_i/aud_clkwiz/inst/mmcm_adv_inst/CLKOUT0
Low Pulse Width   Slow    SRLC32E/CLK         n/a            0.980         5.000       4.020      SLICE_X38Y88     audio_system_i/axi_ic/s00_couplers/auto_pc/inst/gen_axilite.gen_b2s_conv.axilite_b2s/RD.r_channel_0/rd_data_fifo_0/memory_reg[31][0]_srl32/CLK
Low Pulse Width   Fast    SRLC32E/CLK         n/a            0.980         5.000       4.020      SLICE_X38Y88     audio_system_i/axi_ic/s00_couplers/auto_pc/inst/gen_axilite.gen_b2s_conv.axilite_b2s/RD.r_channel_0/rd_data_fifo_0/memory_reg[31][0]_srl32/CLK
Low Pulse Width   Slow    SRLC32E/CLK         n/a            0.980         5.000       4.020      SLICE_X34Y82     audio_system_i/axi_ic/s00_couplers/auto_pc/inst/gen_axilite.gen_b2s_conv.axilite_b2s/RD.r_channel_0/rd_data_fifo_0/memory_reg[31][10]_srl32/CLK
Low Pulse Width   Fast    SRLC32E/CLK         n/a            0.980         5.000       4.020      SLICE_X34Y82     audio_system_i/axi_ic/s00_couplers/auto_pc/inst/gen_axilite.gen_b2s_conv.axilite_b2s/RD.r_channel_0/rd_data_fifo_0/memory_reg[31][10]_srl32/CLK
Low Pulse Width   Slow    SRLC32E/CLK         n/a            0.980         5.000       4.020      SLICE_X32Y81     audio_system_i/axi_ic/s00_couplers/auto_pc/inst/gen_axilite.gen_b2s_conv.axilite_b2s/RD.r_channel_0/rd_data_fifo_0/memory_reg[31][11]_srl32/CLK
Low Pulse Width   Fast    SRLC32E/CLK         n/a            0.980         5.000       4.020      SLICE_X32Y81     audio_system_i/axi_ic/s00_couplers/auto_pc/inst/gen_axilite.gen_b2s_conv.axilite_b2s/RD.r_channel_0/rd_data_fifo_0/memory_reg[31][11]_srl32/CLK
Low Pulse Width   Slow    SRLC32E/CLK         n/a            0.980         5.000       4.020      SLICE_X34Y80     audio_system_i/axi_ic/s00_couplers/auto_pc/inst/gen_axilite.gen_b2s_conv.axilite_b2s/RD.r_channel_0/rd_data_fifo_0/memory_reg[31][12]_srl32/CLK
Low Pulse Width   Fast    SRLC32E/CLK         n/a            0.980         5.000       4.020      SLICE_X34Y80     audio_system_i/axi_ic/s00_couplers/auto_pc/inst/gen_axilite.gen_b2s_conv.axilite_b2s/RD.r_channel_0/rd_data_fifo_0/memory_reg[31][12]_srl32/CLK
Low Pulse Width   Slow    SRLC32E/CLK         n/a            0.980         5.000       4.020      SLICE_X34Y80     audio_system_i/axi_ic/s00_couplers/auto_pc/inst/gen_axilite.gen_b2s_conv.axilite_b2s/RD.r_channel_0/rd_data_fifo_0/memory_reg[31][13]_srl32/CLK
Low Pulse Width   Fast    SRLC32E/CLK         n/a            0.980         5.000       4.020      SLICE_X34Y80     audio_system_i/axi_ic/s00_couplers/auto_pc/inst/gen_axilite.gen_b2s_conv.axilite_b2s/RD.r_channel_0/rd_data_fifo_0/memory_reg[31][13]_srl32/CLK
High Pulse Width  Slow    SRLC32E/CLK         n/a            0.980         5.000       4.020      SLICE_X38Y88     audio_system_i/axi_ic/s00_couplers/auto_pc/inst/gen_axilite.gen_b2s_conv.axilite_b2s/RD.r_channel_0/rd_data_fifo_0/memory_reg[31][0]_srl32/CLK
High Pulse Width  Fast    SRLC32E/CLK         n/a            0.980         5.000       4.020      SLICE_X38Y88     audio_system_i/axi_ic/s00_couplers/auto_pc/inst/gen_axilite.gen_b2s_conv.axilite_b2s/RD.r_channel_0/rd_data_fifo_0/memory_reg[31][0]_srl32/CLK
High Pulse Width  Slow    SRLC32E/CLK         n/a            0.980         5.000       4.020      SLICE_X34Y82     audio_system_i/axi_ic/s00_couplers/auto_pc/inst/gen_axilite.gen_b2s_conv.axilite_b2s/RD.r_channel_0/rd_data_fifo_0/memory_reg[31][10]_srl32/CLK
High Pulse Width  Fast    SRLC32E/CLK         n/a            0.980         5.000       4.020      SLICE_X34Y82     audio_system_i/axi_ic/s00_couplers/auto_pc/inst/gen_axilite.gen_b2s_conv.axilite_b2s/RD.r_channel_0/rd_data_fifo_0/memory_reg[31][10]_srl32/CLK
High Pulse Width  Slow    SRLC32E/CLK         n/a            0.980         5.000       4.020      SLICE_X32Y81     audio_system_i/axi_ic/s00_couplers/auto_pc/inst/gen_axilite.gen_b2s_conv.axilite_b2s/RD.r_channel_0/rd_data_fifo_0/memory_reg[31][11]_srl32/CLK
High Pulse Width  Fast    SRLC32E/CLK         n/a            0.980         5.000       4.020      SLICE_X32Y81     audio_system_i/axi_ic/s00_couplers/auto_pc/inst/gen_axilite.gen_b2s_conv.axilite_b2s/RD.r_channel_0/rd_data_fifo_0/memory_reg[31][11]_srl32/CLK
High Pulse Width  Slow    SRLC32E/CLK         n/a            0.980         5.000       4.020      SLICE_X34Y80     audio_system_i/axi_ic/s00_couplers/auto_pc/inst/gen_axilite.gen_b2s_conv.axilite_b2s/RD.r_channel_0/rd_data_fifo_0/memory_reg[31][12]_srl32/CLK
High Pulse Width  Fast    SRLC32E/CLK         n/a            0.980         5.000       4.020      SLICE_X34Y80     audio_system_i/axi_ic/s00_couplers/auto_pc/inst/gen_axilite.gen_b2s_conv.axilite_b2s/RD.r_channel_0/rd_data_fifo_0/memory_reg[31][12]_srl32/CLK
High Pulse Width  Slow    SRLC32E/CLK         n/a            0.980         5.000       4.020      SLICE_X34Y80     audio_system_i/axi_ic/s00_couplers/auto_pc/inst/gen_axilite.gen_b2s_conv.axilite_b2s/RD.r_channel_0/rd_data_fifo_0/memory_reg[31][13]_srl32/CLK
High Pulse Width  Fast    SRLC32E/CLK         n/a            0.980         5.000       4.020      SLICE_X34Y80     audio_system_i/axi_ic/s00_couplers/auto_pc/inst/gen_axilite.gen_b2s_conv.axilite_b2s/RD.r_channel_0/rd_data_fifo_0/memory_reg[31][13]_srl32/CLK



---------------------------------------------------------------------------------------------------
From Clock:  clkfbout_audio_system_aud_clkwiz_0
  To Clock:  clkfbout_audio_system_aud_clkwiz_0

Setup :           NA  Failing Endpoints,  Worst Slack           NA  ,  Total Violation           NA
Hold  :           NA  Failing Endpoints,  Worst Slack           NA  ,  Total Violation           NA
PW    :            0  Failing Endpoints,  Worst Slack        7.845ns,  Total Violation        0.000ns
---------------------------------------------------------------------------------------------------


Pulse Width Checks
--------------------------------------------------------------------------------------
Clock Name:         clkfbout_audio_system_aud_clkwiz_0
Waveform(ns):       { 0.000 5.000 }
Period(ns):         10.000
Sources:            { audio_system_i/aud_clkwiz/inst/mmcm_adv_inst/CLKFBOUT }

Check Type  Corner  Lib Pin              Reference Pin  Required(ns)  Actual(ns)  Slack(ns)  Location         Pin
Min Period  n/a     BUFG/I               n/a            2.155         10.000      7.845      BUFGCTRL_X0Y2    audio_system_i/aud_clkwiz/inst/clkf_buf/I
Min Period  n/a     MMCME2_ADV/CLKFBOUT  n/a            1.249         10.000      8.751      MMCME2_ADV_X1Y0  audio_system_i/aud_clkwiz/inst/mmcm_adv_inst/CLKFBOUT
Min Period  n/a     MMCME2_ADV/CLKFBIN   n/a            1.249         10.000      8.751      MMCME2_ADV_X1Y0  audio_system_i/aud_clkwiz/inst/mmcm_adv_inst/CLKFBIN
Max Period  n/a     MMCME2_ADV/CLKFBIN   n/a            100.000       10.000      90.000     MMCME2_ADV_X1Y0  audio_system_i/aud_clkwiz/inst/mmcm_adv_inst/CLKFBIN
Max Period  n/a     MMCME2_ADV/CLKFBOUT  n/a            213.360       10.000      203.360    MMCME2_ADV_X1Y0  audio_system_i/aud_clkwiz/inst/mmcm_adv_inst/CLKFBOUT



--------------------------------------------------------------------------------------
Path Group:  (none)
From Clock:  
  To Clock:  clk_out1_audio_system_aud_clkwiz_0

Max Delay             1 Endpoint
Min Delay             1 Endpoint
--------------------------------------------------------------------------------------


Max Delay Paths
--------------------------------------------------------------------------------------
Slack:                    inf
  Source:                 audio_system_i/sys_cpu/inst/PS7_i/FCLKRESETN[0]
                            (internal pin)
  Destination:            audio_system_i/rstgen/U0/EXT_LPF/ACTIVE_LOW_EXT.ACT_LO_EXT/GENERATE_LEVEL_P_S_CDC.SINGLE_BIT.CROSS_PLEVEL_IN2SCNDRY_IN_cdc_to/D
                            (rising edge-triggered cell FDRE clocked by clk_out1_audio_system_aud_clkwiz_0  {rise@0.000ns fall@5.000ns period=10.000ns})
  Path Group:             (none)
  Path Type:              Setup (Max at Slow Process Corner)
  Data Path Delay:        4.157ns  (logic 0.124ns (2.983%)  route 4.033ns (97.017%))
  Logic Levels:           1  (LUT1=1)
  Clock Uncertainty:      0.205ns  ((TSJ^2 + DJ^2)^1/2) / 2 + PE
    Total System Jitter     (TSJ):    0.050ns
    Discrete Jitter          (DJ):    0.163ns
    Phase Error              (PE):    0.119ns
  Timing Exception:       False Path

    Location             Delay type                Incr(ns)  Path(ns)    Netlist Resource(s)
  -------------------------------------------------------------------    -------------------
    PS7_X0Y0             PS7                          0.000     0.000 f  audio_system_i/sys_cpu/inst/PS7_i/FCLKRESETN[0]
                         net (fo=2, routed)           3.408     3.408    audio_system_i/rstgen/U0/EXT_LPF/ACTIVE_LOW_EXT.ACT_LO_EXT/ext_reset_in
    SLICE_X13Y40         LUT1 (Prop_lut1_I0_O)        0.124     3.532 r  audio_system_i/rstgen/U0/EXT_LPF/ACTIVE_LOW_EXT.ACT_LO_EXT/GENERATE_LEVEL_P_S_CDC.SINGLE_BIT.CROSS_PLEVEL_IN2SCNDRY_IN_cdc_to_i_1/O
                         net (fo=1, routed)           0.625     4.157    audio_system_i/rstgen/U0/EXT_LPF/ACTIVE_LOW_EXT.ACT_LO_EXT/exr_d1
    SLICE_X9Y41          FDRE                                         r  audio_system_i/rstgen/U0/EXT_LPF/ACTIVE_LOW_EXT.ACT_LO_EXT/GENERATE_LEVEL_P_S_CDC.SINGLE_BIT.CROSS_PLEVEL_IN2SCNDRY_IN_cdc_to/D
  -------------------------------------------------------------------    -------------------

                         (clock clk_out1_audio_system_aud_clkwiz_0 rise edge)
                                                      0.000     0.000 r  
    PS7_X0Y0             PS7                          0.000     0.000 r  audio_system_i/sys_cpu/inst/PS7_i/FCLKCLK[0]
                         net (fo=1, routed)           1.088     1.088    audio_system_i/aud_clkwiz/inst/lopt
    BUFGCTRL_X0Y16       BUFG (Prop_bufg_I_O)         0.091     1.179 r  audio_system_i/aud_clkwiz/inst/clkin1_bufg/O
                         net (fo=1, routed)           1.612     2.791    audio_system_i/aud_clkwiz/inst/clk_in1_audio_system_aud_clkwiz_0
    MMCME2_ADV_X1Y0      MMCME2_ADV (Prop_mmcme2_adv_CLKIN1_CLKOUT0)
                                                     -3.425    -0.634 r  audio_system_i/aud_clkwiz/inst/mmcm_adv_inst/CLKOUT0
                         net (fo=1, routed)           1.725     1.091    audio_system_i/aud_clkwiz/inst/clk_out1_audio_system_aud_clkwiz_0
    BUFGCTRL_X0Y0        BUFG (Prop_bufg_I_O)         0.091     1.182 r  audio_system_i/aud_clkwiz/inst/clkout1_buf/O
                         net (fo=13183, routed)       1.576     2.759    audio_system_i/rstgen/U0/EXT_LPF/ACTIVE_LOW_EXT.ACT_LO_EXT/slowest_sync_clk
    SLICE_X9Y41          FDRE                                         r  audio_system_i/rstgen/U0/EXT_LPF/ACTIVE_LOW_EXT.ACT_LO_EXT/GENERATE_LEVEL_P_S_CDC.SINGLE_BIT.CROSS_PLEVEL_IN2SCNDRY_IN_cdc_to/C





Min Delay Paths
--------------------------------------------------------------------------------------
Slack:                    inf
  Source:                 audio_system_i/sys_cpu/inst/PS7_i/FCLKRESETN[0]
                            (internal pin)
  Destination:            audio_system_i/rstgen/U0/EXT_LPF/ACTIVE_LOW_EXT.ACT_LO_EXT/GENERATE_LEVEL_P_S_CDC.SINGLE_BIT.CROSS_PLEVEL_IN2SCNDRY_IN_cdc_to/D
                            (rising edge-triggered cell FDRE clocked by clk_out1_audio_system_aud_clkwiz_0  {rise@0.000ns fall@5.000ns period=10.000ns})
  Path Group:             (none)
  Path Type:              Hold (Min at Fast Process Corner)
  Data Path Delay:        1.728ns  (logic 0.045ns (2.604%)  route 1.683ns (97.396%))
  Logic Levels:           1  (LUT1=1)
  Clock Uncertainty:      0.205ns  ((TSJ^2 + DJ^2)^1/2) / 2 + PE
    Total System Jitter     (TSJ):    0.050ns
    Discrete Jitter          (DJ):    0.163ns
    Phase Error              (PE):    0.119ns
  Timing Exception:       False Path

    Location             Delay type                Incr(ns)  Path(ns)    Netlist Resource(s)
  -------------------------------------------------------------------    -------------------
    PS7_X0Y0             PS7                          0.000     0.000 f  audio_system_i/sys_cpu/inst/PS7_i/FCLKRESETN[0]
                         net (fo=2, routed)           1.460     1.460    audio_system_i/rstgen/U0/EXT_LPF/ACTIVE_LOW_EXT.ACT_LO_EXT/ext_reset_in
    SLICE_X13Y40         LUT1 (Prop_lut1_I0_O)        0.045     1.505 r  audio_system_i/rstgen/U0/EXT_LPF/ACTIVE_LOW_EXT.ACT_LO_EXT/GENERATE_LEVEL_P_S_CDC.SINGLE_BIT.CROSS_PLEVEL_IN2SCNDRY_IN_cdc_to_i_1/O
                         net (fo=1, routed)           0.223     1.728    audio_system_i/rstgen/U0/EXT_LPF/ACTIVE_LOW_EXT.ACT_LO_EXT/exr_d1
    SLICE_X9Y41          FDRE                                         r  audio_system_i/rstgen/U0/EXT_LPF/ACTIVE_LOW_EXT.ACT_LO_EXT/GENERATE_LEVEL_P_S_CDC.SINGLE_BIT.CROSS_PLEVEL_IN2SCNDRY_IN_cdc_to/D
  -------------------------------------------------------------------    -------------------

                         (clock clk_out1_audio_system_aud_clkwiz_0 rise edge)
                                                      0.000     0.000 r  
    PS7_X0Y0             PS7                          0.000     0.000 r  audio_system_i/sys_cpu/inst/PS7_i/FCLKCLK[0]
                         net (fo=1, routed)           0.337     0.337    audio_system_i/aud_clkwiz/inst/lopt
    BUFGCTRL_X0Y16       BUFG (Prop_bufg_I_O)         0.029     0.366 r  audio_system_i/aud_clkwiz/inst/clkin1_bufg/O
                         net (fo=1, routed)           0.864     1.230    audio_system_i/aud_clkwiz/inst/clk_in1_audio_system_aud_clkwiz_0
    MMCME2_ADV_X1Y0      MMCME2_ADV (Prop_mmcme2_adv_CLKIN1_CLKOUT0)
                                                     -1.467    -0.237 r  audio_system_i/aud_clkwiz/inst/mmcm_adv_inst/CLKOUT0
                         net (fo=1, routed)           0.576     0.339    audio_system_i/aud_clkwiz/inst/clk_out1_audio_system_aud_clkwiz_0
    BUFGCTRL_X0Y0        BUFG (Prop_bufg_I_O)         0.029     0.368 r  audio_system_i/aud_clkwiz/inst/clkout1_buf/O
                         net (fo=13183, routed)       0.862     1.230    audio_system_i/rstgen/U0/EXT_LPF/ACTIVE_LOW_EXT.ACT_LO_EXT/slowest_sync_clk
    SLICE_X9Y41          FDRE                                         r  audio_system_i/rstgen/U0/EXT_LPF/ACTIVE_LOW_EXT.ACT_LO_EXT/GENERATE_LEVEL_P_S_CDC.SINGLE_BIT.CROSS_PLEVEL_IN2SCNDRY_IN_cdc_to/C





--------------------------------------------------------------------------------------
Path Group:  (none)
From Clock:  aud_mclk_audio_system_aud_clkwiz_0
  To Clock:  

Max Delay             1 Endpoint
Min Delay             1 Endpoint
--------------------------------------------------------------------------------------


Max Delay Paths
--------------------------------------------------------------------------------------
Slack:                    inf
  Source:                 audio_system_i/aud_clkwiz/inst/mmcm_adv_inst/CLKOUT1
                            (clock source 'aud_mclk_audio_system_aud_clkwiz_0'  {rise@0.000ns fall@40.690ns period=81.379ns})
  Destination:            AC_MCLK
                            (output port)
  Path Group:             (none)
  Path Type:              Max at Slow Process Corner
  Data Path Delay:        8.674ns  (logic 3.660ns (42.188%)  route 5.015ns (57.812%))
  Logic Levels:           2  (BUFG=1 OBUF=1)
  Clock Uncertainty:      0.259ns  ((TSJ^2 + DJ^2)^1/2) / 2 + PE
    Total System Jitter     (TSJ):    0.050ns
    Discrete Jitter          (DJ):    0.274ns
    Phase Error              (PE):    0.119ns

    Location             Delay type                Incr(ns)  Path(ns)    Netlist Resource(s)
  -------------------------------------------------------------------    -------------------
                         (clock aud_mclk_audio_system_aud_clkwiz_0 fall edge)
                                                     40.690    40.690 f  
    PS7_X0Y0             PS7                          0.000    40.690 f  audio_system_i/sys_cpu/inst/PS7_i/FCLKCLK[0]
                         net (fo=1, routed)           1.193    41.883    audio_system_i/aud_clkwiz/inst/lopt
    BUFGCTRL_X0Y16       BUFG (Prop_bufg_I_O)         0.101    41.984 f  audio_system_i/aud_clkwiz/inst/clkin1_bufg/O
                         net (fo=1, routed)           1.806    43.790    audio_system_i/aud_clkwiz/inst/clk_in1_audio_system_aud_clkwiz_0
  -------------------------------------------------------------------    -------------------
    MMCME2_ADV_X1Y0      MMCME2_ADV (Prop_mmcme2_adv_CLKIN1_CLKOUT1)
                                                     -3.793    39.997 f  audio_system_i/aud_clkwiz/inst/mmcm_adv_inst/CLKOUT1
                         net (fo=1, routed)           1.889    41.886    audio_system_i/aud_clkwiz/inst/aud_mclk_audio_system_aud_clkwiz_0
    BUFGCTRL_X0Y1        BUFG (Prop_bufg_I_O)         0.101    41.987 f  audio_system_i/aud_clkwiz/inst/clkout2_buf/O
                         net (fo=1, routed)           3.126    45.112    AC_MCLK_OBUF
    AB2                  OBUF (Prop_obuf_I_O)         3.559    48.671 f  AC_MCLK_OBUF_inst/O
                         net (fo=0)                   0.000    48.671    AC_MCLK
    AB2                                                               f  AC_MCLK (OUT)
  -------------------------------------------------------------------    -------------------





Min Delay Paths
--------------------------------------------------------------------------------------
Slack:                    inf
  Source:                 audio_system_i/aud_clkwiz/inst/mmcm_adv_inst/CLKOUT1
                            (clock source 'aud_mclk_audio_system_aud_clkwiz_0'  {rise@0.000ns fall@40.690ns period=81.379ns})
  Destination:            AC_MCLK
                            (output port)
  Path Group:             (none)
  Path Type:              Min at Fast Process Corner
  Data Path Delay:        2.582ns  (logic 1.285ns (49.765%)  route 1.297ns (50.235%))
  Logic Levels:           2  (BUFG=1 OBUF=1)
  Clock Uncertainty:      0.259ns  ((TSJ^2 + DJ^2)^1/2) / 2 + PE
    Total System Jitter     (TSJ):    0.050ns
    Discrete Jitter          (DJ):    0.274ns
    Phase Error              (PE):    0.119ns

    Location             Delay type                Incr(ns)  Path(ns)    Netlist Resource(s)
  -------------------------------------------------------------------    -------------------
                         (clock aud_mclk_audio_system_aud_clkwiz_0 rise edge)
                                                      0.000     0.000 r  
    PS7_X0Y0             PS7                          0.000     0.000 r  audio_system_i/sys_cpu/inst/PS7_i/FCLKCLK[0]
                         net (fo=1, routed)           0.310     0.310    audio_system_i/aud_clkwiz/inst/lopt
    BUFGCTRL_X0Y16       BUFG (Prop_bufg_I_O)         0.026     0.336 r  audio_system_i/aud_clkwiz/inst/clkin1_bufg/O
                         net (fo=1, routed)           0.597     0.933    audio_system_i/aud_clkwiz/inst/clk_in1_audio_system_aud_clkwiz_0
  -------------------------------------------------------------------    -------------------
    MMCME2_ADV_X1Y0      MMCME2_ADV (Prop_mmcme2_adv_CLKIN1_CLKOUT1)
                                                     -1.150    -0.217 r  audio_system_i/aud_clkwiz/inst/mmcm_adv_inst/CLKOUT1
                         net (fo=1, routed)           0.529     0.312    audio_system_i/aud_clkwiz/inst/aud_mclk_audio_system_aud_clkwiz_0
    BUFGCTRL_X0Y1        BUFG (Prop_bufg_I_O)         0.026     0.338 r  audio_system_i/aud_clkwiz/inst/clkout2_buf/O
                         net (fo=1, routed)           0.768     1.106    AC_MCLK_OBUF
    AB2                  OBUF (Prop_obuf_I_O)         1.259     2.365 r  AC_MCLK_OBUF_inst/O
                         net (fo=0)                   0.000     2.365    AC_MCLK
    AB2                                                               r  AC_MCLK (OUT)
  -------------------------------------------------------------------    -------------------





--------------------------------------------------------------------------------------
Path Group:  (none)
From Clock:  clk_out1_audio_system_aud_clkwiz_0
  To Clock:  

Max Delay             3 Endpoints
Min Delay             3 Endpoints
--------------------------------------------------------------------------------------


Max Delay Paths
--------------------------------------------------------------------------------------
Slack:                    inf
  Source:                 audio_system_i/iic_codec/U0/X_IIC/REG_INTERFACE_I/RD_FIFO_CNTRL.ro_prev_i_reg/C
                            (rising edge-triggered cell FDRE clocked by clk_out1_audio_system_aud_clkwiz_0  {rise@0.000ns fall@5.000ns period=10.000ns})
  Destination:            IIC_CODEC_scl_io
                            (output port)
  Path Group:             (none)
  Path Type:              Max at Slow Process Corner
  Data Path Delay:        11.453ns  (logic 4.569ns (39.889%)  route 6.885ns (60.111%))
  Logic Levels:           2  (LUT4=1 OBUFT=1)
  Clock Uncertainty:      0.205ns  ((TSJ^2 + DJ^2)^1/2) / 2 + PE
    Total System Jitter     (TSJ):    0.050ns
    Discrete Jitter          (DJ):    0.163ns
    Phase Error              (PE):    0.119ns

    Location             Delay type                Incr(ns)  Path(ns)    Netlist Resource(s)
  -------------------------------------------------------------------    -------------------
                         (clock clk_out1_audio_system_aud_clkwiz_0 rise edge)
                                                      0.000     0.000 r  
    PS7_X0Y0             PS7                          0.000     0.000 r  audio_system_i/sys_cpu/inst/PS7_i/FCLKCLK[0]
                         net (fo=1, routed)           1.193     1.193    audio_system_i/aud_clkwiz/inst/lopt
    BUFGCTRL_X0Y16       BUFG (Prop_bufg_I_O)         0.101     1.294 r  audio_system_i/aud_clkwiz/inst/clkin1_bufg/O
                         net (fo=1, routed)           1.806     3.100    audio_system_i/aud_clkwiz/inst/clk_in1_audio_system_aud_clkwiz_0
    MMCME2_ADV_X1Y0      MMCME2_ADV (Prop_mmcme2_adv_CLKIN1_CLKOUT0)
                                                     -3.793    -0.693 r  audio_system_i/aud_clkwiz/inst/mmcm_adv_inst/CLKOUT0
                         net (fo=1, routed)           1.889     1.196    audio_system_i/aud_clkwiz/inst/clk_out1_audio_system_aud_clkwiz_0
    BUFGCTRL_X0Y0        BUFG (Prop_bufg_I_O)         0.101     1.297 r  audio_system_i/aud_clkwiz/inst/clkout1_buf/O
                         net (fo=13183, routed)       1.847     3.144    audio_system_i/iic_codec/U0/X_IIC/REG_INTERFACE_I/s_axi_aclk
    SLICE_X40Y100        FDRE                                         r  audio_system_i/iic_codec/U0/X_IIC/REG_INTERFACE_I/RD_FIFO_CNTRL.ro_prev_i_reg/C
  -------------------------------------------------------------------    -------------------
    SLICE_X40Y100        FDRE (Prop_fdre_C_Q)         0.456     3.600 r  audio_system_i/iic_codec/U0/X_IIC/REG_INTERFACE_I/RD_FIFO_CNTRL.ro_prev_i_reg/Q
                         net (fo=11, routed)          0.990     4.590    audio_system_i/iic_codec/U0/X_IIC/IIC_CONTROL_I/Ro_prev
    SLICE_X45Y98         LUT4 (Prop_lut4_I2_O)        0.124     4.714 f  audio_system_i/iic_codec/U0/X_IIC/IIC_CONTROL_I/scl_t_INST_0/O
                         net (fo=1, routed)           5.895    10.609    IIC_CODEC_scl_iobuf/T
    AB4                  OBUFT (TriStatE_obuft_T_O)
                                                      3.989    14.597 r  IIC_CODEC_scl_iobuf/OBUFT/O
                         net (fo=1, unset)            0.000    14.597    IIC_CODEC_scl_io
    AB4                                                               r  IIC_CODEC_scl_io (INOUT)
  -------------------------------------------------------------------    -------------------

Slack:                    inf
  Source:                 audio_system_i/iic_codec/U0/X_IIC/IIC_CONTROL_I/slave_sda_reg/C
                            (rising edge-triggered cell FDSE clocked by clk_out1_audio_system_aud_clkwiz_0  {rise@0.000ns fall@5.000ns period=10.000ns})
  Destination:            IIC_CODEC_sda_io
                            (output port)
  Path Group:             (none)
  Path Type:              Max at Slow Process Corner
  Data Path Delay:        11.201ns  (logic 4.630ns (41.334%)  route 6.571ns (58.666%))
  Logic Levels:           2  (LUT5=1 OBUFT=1)
  Clock Uncertainty:      0.205ns  ((TSJ^2 + DJ^2)^1/2) / 2 + PE
    Total System Jitter     (TSJ):    0.050ns
    Discrete Jitter          (DJ):    0.163ns
    Phase Error              (PE):    0.119ns

    Location             Delay type                Incr(ns)  Path(ns)    Netlist Resource(s)
  -------------------------------------------------------------------    -------------------
                         (clock clk_out1_audio_system_aud_clkwiz_0 rise edge)
                                                      0.000     0.000 r  
    PS7_X0Y0             PS7                          0.000     0.000 r  audio_system_i/sys_cpu/inst/PS7_i/FCLKCLK[0]
                         net (fo=1, routed)           1.193     1.193    audio_system_i/aud_clkwiz/inst/lopt
    BUFGCTRL_X0Y16       BUFG (Prop_bufg_I_O)         0.101     1.294 r  audio_system_i/aud_clkwiz/inst/clkin1_bufg/O
                         net (fo=1, routed)           1.806     3.100    audio_system_i/aud_clkwiz/inst/clk_in1_audio_system_aud_clkwiz_0
    MMCME2_ADV_X1Y0      MMCME2_ADV (Prop_mmcme2_adv_CLKIN1_CLKOUT0)
                                                     -3.793    -0.693 r  audio_system_i/aud_clkwiz/inst/mmcm_adv_inst/CLKOUT0
                         net (fo=1, routed)           1.889     1.196    audio_system_i/aud_clkwiz/inst/clk_out1_audio_system_aud_clkwiz_0
    BUFGCTRL_X0Y0        BUFG (Prop_bufg_I_O)         0.101     1.297 r  audio_system_i/aud_clkwiz/inst/clkout1_buf/O
                         net (fo=13183, routed)       1.847     3.144    audio_system_i/iic_codec/U0/X_IIC/IIC_CONTROL_I/s_axi_aclk
    SLICE_X46Y102        FDSE                                         r  audio_system_i/iic_codec/U0/X_IIC/IIC_CONTROL_I/slave_sda_reg/C
  -------------------------------------------------------------------    -------------------
    SLICE_X46Y102        FDSE (Prop_fdse_C_Q)         0.518     3.662 f  audio_system_i/iic_codec/U0/X_IIC/IIC_CONTROL_I/slave_sda_reg/Q
                         net (fo=1, routed)           0.804     4.466    audio_system_i/iic_codec/U0/X_IIC/IIC_CONTROL_I/slave_sda_reg_n_0
    SLICE_X44Y102        LUT5 (Prop_lut5_I3_O)        0.124     4.590 f  audio_system_i/iic_codec/U0/X_IIC/IIC_CONTROL_I/sda_t_INST_0/O
                         net (fo=1, routed)           5.767    10.357    IIC_CODEC_sda_iobuf/T
    AB5                  OBUFT (TriStatE_obuft_T_O)
                                                      3.988    14.345 r  IIC_CODEC_sda_iobuf/OBUFT/O
                         net (fo=1, unset)            0.000    14.345    IIC_CODEC_sda_io
    AB5                                                               r  IIC_CODEC_sda_io (INOUT)
  -------------------------------------------------------------------    -------------------

Slack:                    inf
  Source:                 audio_system_i/u_dsp/U0/u_i2s/sdata_out_reg/C
                            (rising edge-triggered cell FDRE clocked by clk_out1_audio_system_aud_clkwiz_0  {rise@0.000ns fall@5.000ns period=10.000ns})
  Destination:            AC_SDATA_O
                            (output port)
  Path Group:             (none)
  Path Type:              Max at Slow Process Corner
  Data Path Delay:        7.703ns  (logic 4.071ns (52.854%)  route 3.631ns (47.146%))
  Logic Levels:           1  (OBUF=1)
  Clock Uncertainty:      0.205ns  ((TSJ^2 + DJ^2)^1/2) / 2 + PE
    Total System Jitter     (TSJ):    0.050ns
    Discrete Jitter          (DJ):    0.163ns
    Phase Error              (PE):    0.119ns

    Location             Delay type                Incr(ns)  Path(ns)    Netlist Resource(s)
  -------------------------------------------------------------------    -------------------
                         (clock clk_out1_audio_system_aud_clkwiz_0 rise edge)
                                                      0.000     0.000 r  
    PS7_X0Y0             PS7                          0.000     0.000 r  audio_system_i/sys_cpu/inst/PS7_i/FCLKCLK[0]
                         net (fo=1, routed)           1.193     1.193    audio_system_i/aud_clkwiz/inst/lopt
    BUFGCTRL_X0Y16       BUFG (Prop_bufg_I_O)         0.101     1.294 r  audio_system_i/aud_clkwiz/inst/clkin1_bufg/O
                         net (fo=1, routed)           1.806     3.100    audio_system_i/aud_clkwiz/inst/clk_in1_audio_system_aud_clkwiz_0
    MMCME2_ADV_X1Y0      MMCME2_ADV (Prop_mmcme2_adv_CLKIN1_CLKOUT0)
                                                     -3.793    -0.693 r  audio_system_i/aud_clkwiz/inst/mmcm_adv_inst/CLKOUT0
                         net (fo=1, routed)           1.889     1.196    audio_system_i/aud_clkwiz/inst/clk_out1_audio_system_aud_clkwiz_0
    BUFGCTRL_X0Y0        BUFG (Prop_bufg_I_O)         0.101     1.297 r  audio_system_i/aud_clkwiz/inst/clkout1_buf/O
                         net (fo=13183, routed)       1.705     3.002    audio_system_i/u_dsp/U0/u_i2s/clk
    SLICE_X54Y25         FDRE                                         r  audio_system_i/u_dsp/U0/u_i2s/sdata_out_reg/C
  -------------------------------------------------------------------    -------------------
    SLICE_X54Y25         FDRE (Prop_fdre_C_Q)         0.518     3.520 r  audio_system_i/u_dsp/U0/u_i2s/sdata_out_reg/Q
                         net (fo=2, routed)           3.631     7.151    AC_SDATA_O_OBUF
    Y8                   OBUF (Prop_obuf_I_O)         3.553    10.705 r  AC_SDATA_O_OBUF_inst/O
                         net (fo=0)                   0.000    10.705    AC_SDATA_O
    Y8                                                                r  AC_SDATA_O (OUT)
  -------------------------------------------------------------------    -------------------





Min Delay Paths
--------------------------------------------------------------------------------------
Slack:                    inf
  Source:                 audio_system_i/u_dsp/U0/u_i2s/sdata_out_reg/C
                            (rising edge-triggered cell FDRE clocked by clk_out1_audio_system_aud_clkwiz_0  {rise@0.000ns fall@5.000ns period=10.000ns})
  Destination:            AC_SDATA_O
                            (output port)
  Path Group:             (none)
  Path Type:              Min at Fast Process Corner
  Data Path Delay:        2.754ns  (logic 1.418ns (51.476%)  route 1.336ns (48.524%))
  Logic Levels:           1  (OBUF=1)
  Clock Uncertainty:      0.205ns  ((TSJ^2 + DJ^2)^1/2) / 2 + PE
    Total System Jitter     (TSJ):    0.050ns
    Discrete Jitter          (DJ):    0.163ns
    Phase Error              (PE):    0.119ns

    Location             Delay type                Incr(ns)  Path(ns)    Netlist Resource(s)
  -------------------------------------------------------------------    -------------------
                         (clock clk_out1_audio_system_aud_clkwiz_0 rise edge)
                                                      0.000     0.000 r  
    PS7_X0Y0             PS7                          0.000     0.000 r  audio_system_i/sys_cpu/inst/PS7_i/FCLKCLK[0]
                         net (fo=1, routed)           0.310     0.310    audio_system_i/aud_clkwiz/inst/lopt
    BUFGCTRL_X0Y16       BUFG (Prop_bufg_I_O)         0.026     0.336 r  audio_system_i/aud_clkwiz/inst/clkin1_bufg/O
                         net (fo=1, routed)           0.597     0.933    audio_system_i/aud_clkwiz/inst/clk_in1_audio_system_aud_clkwiz_0
    MMCME2_ADV_X1Y0      MMCME2_ADV (Prop_mmcme2_adv_CLKIN1_CLKOUT0)
                                                     -1.150    -0.217 r  audio_system_i/aud_clkwiz/inst/mmcm_adv_inst/CLKOUT0
                         net (fo=1, routed)           0.529     0.312    audio_system_i/aud_clkwiz/inst/clk_out1_audio_system_aud_clkwiz_0
    BUFGCTRL_X0Y0        BUFG (Prop_bufg_I_O)         0.026     0.338 r  audio_system_i/aud_clkwiz/inst/clkout1_buf/O
                         net (fo=13183, routed)       0.567     0.905    audio_system_i/u_dsp/U0/u_i2s/clk
    SLICE_X54Y25         FDRE                                         r  audio_system_i/u_dsp/U0/u_i2s/sdata_out_reg/C
  -------------------------------------------------------------------    -------------------
    SLICE_X54Y25         FDRE (Prop_fdre_C_Q)         0.164     1.069 r  audio_system_i/u_dsp/U0/u_i2s/sdata_out_reg/Q
                         net (fo=2, routed)           1.336     2.405    AC_SDATA_O_OBUF
    Y8                   OBUF (Prop_obuf_I_O)         1.254     3.659 r  AC_SDATA_O_OBUF_inst/O
                         net (fo=0)                   0.000     3.659    AC_SDATA_O
    Y8                                                                r  AC_SDATA_O (OUT)
  -------------------------------------------------------------------    -------------------

Slack:                    inf
  Source:                 audio_system_i/iic_codec/U0/X_IIC/IIC_CONTROL_I/sda_setup_reg/C
                            (rising edge-triggered cell FDRE clocked by clk_out1_audio_system_aud_clkwiz_0  {rise@0.000ns fall@5.000ns period=10.000ns})
  Destination:            IIC_CODEC_scl_io
                            (output port)
  Path Group:             (none)
  Path Type:              Min at Fast Process Corner
  Data Path Delay:        3.785ns  (logic 1.010ns (26.686%)  route 2.775ns (73.314%))
  Logic Levels:           2  (LUT4=1 OBUFT=1)
  Clock Uncertainty:      0.205ns  ((TSJ^2 + DJ^2)^1/2) / 2 + PE
    Total System Jitter     (TSJ):    0.050ns
    Discrete Jitter          (DJ):    0.163ns
    Phase Error              (PE):    0.119ns

    Location             Delay type                Incr(ns)  Path(ns)    Netlist Resource(s)
  -------------------------------------------------------------------    -------------------
                         (clock clk_out1_audio_system_aud_clkwiz_0 rise edge)
                                                      0.000     0.000 r  
    PS7_X0Y0             PS7                          0.000     0.000 r  audio_system_i/sys_cpu/inst/PS7_i/FCLKCLK[0]
                         net (fo=1, routed)           0.310     0.310    audio_system_i/aud_clkwiz/inst/lopt
    BUFGCTRL_X0Y16       BUFG (Prop_bufg_I_O)         0.026     0.336 r  audio_system_i/aud_clkwiz/inst/clkin1_bufg/O
                         net (fo=1, routed)           0.597     0.933    audio_system_i/aud_clkwiz/inst/clk_in1_audio_system_aud_clkwiz_0
    MMCME2_ADV_X1Y0      MMCME2_ADV (Prop_mmcme2_adv_CLKIN1_CLKOUT0)
                                                     -1.150    -0.217 r  audio_system_i/aud_clkwiz/inst/mmcm_adv_inst/CLKOUT0
                         net (fo=1, routed)           0.529     0.312    audio_system_i/aud_clkwiz/inst/clk_out1_audio_system_aud_clkwiz_0
    BUFGCTRL_X0Y0        BUFG (Prop_bufg_I_O)         0.026     0.338 r  audio_system_i/aud_clkwiz/inst/clkout1_buf/O
                         net (fo=13183, routed)       0.559     0.897    audio_system_i/iic_codec/U0/X_IIC/IIC_CONTROL_I/s_axi_aclk
    SLICE_X45Y98         FDRE                                         r  audio_system_i/iic_codec/U0/X_IIC/IIC_CONTROL_I/sda_setup_reg/C
  -------------------------------------------------------------------    -------------------
    SLICE_X45Y98         FDRE (Prop_fdre_C_Q)         0.141     1.038 f  audio_system_i/iic_codec/U0/X_IIC/IIC_CONTROL_I/sda_setup_reg/Q
                         net (fo=3, routed)           0.169     1.207    audio_system_i/iic_codec/U0/X_IIC/IIC_CONTROL_I/sda_setup
    SLICE_X45Y98         LUT4 (Prop_lut4_I3_O)        0.045     1.252 r  audio_system_i/iic_codec/U0/X_IIC/IIC_CONTROL_I/scl_t_INST_0/O
                         net (fo=1, routed)           2.606     3.857    IIC_CODEC_scl_iobuf/T
    AB4                  OBUFT (TriStatD_obuft_T_O)
                                                      0.824     4.681 r  IIC_CODEC_scl_iobuf/OBUFT/O
                         net (fo=1, unset)            0.000     4.681    IIC_CODEC_scl_io
    AB4                                                               r  IIC_CODEC_scl_io (INOUT)
  -------------------------------------------------------------------    -------------------

Slack:                    inf
  Source:                 audio_system_i/iic_codec/U0/X_IIC/IIC_CONTROL_I/sda_cout_reg_reg/C
                            (rising edge-triggered cell FDSE clocked by clk_out1_audio_system_aud_clkwiz_0  {rise@0.000ns fall@5.000ns period=10.000ns})
  Destination:            IIC_CODEC_sda_io
                            (output port)
  Path Group:             (none)
  Path Type:              Min at Fast Process Corner
  Data Path Delay:        3.788ns  (logic 1.010ns (26.661%)  route 2.778ns (73.339%))
  Logic Levels:           2  (LUT5=1 OBUFT=1)
  Clock Uncertainty:      0.205ns  ((TSJ^2 + DJ^2)^1/2) / 2 + PE
    Total System Jitter     (TSJ):    0.050ns
    Discrete Jitter          (DJ):    0.163ns
    Phase Error              (PE):    0.119ns

    Location             Delay type                Incr(ns)  Path(ns)    Netlist Resource(s)
  -------------------------------------------------------------------    -------------------
                         (clock clk_out1_audio_system_aud_clkwiz_0 rise edge)
                                                      0.000     0.000 r  
    PS7_X0Y0             PS7                          0.000     0.000 r  audio_system_i/sys_cpu/inst/PS7_i/FCLKCLK[0]
                         net (fo=1, routed)           0.310     0.310    audio_system_i/aud_clkwiz/inst/lopt
    BUFGCTRL_X0Y16       BUFG (Prop_bufg_I_O)         0.026     0.336 r  audio_system_i/aud_clkwiz/inst/clkin1_bufg/O
                         net (fo=1, routed)           0.597     0.933    audio_system_i/aud_clkwiz/inst/clk_in1_audio_system_aud_clkwiz_0
    MMCME2_ADV_X1Y0      MMCME2_ADV (Prop_mmcme2_adv_CLKIN1_CLKOUT0)
                                                     -1.150    -0.217 r  audio_system_i/aud_clkwiz/inst/mmcm_adv_inst/CLKOUT0
                         net (fo=1, routed)           0.529     0.312    audio_system_i/aud_clkwiz/inst/clk_out1_audio_system_aud_clkwiz_0
    BUFGCTRL_X0Y0        BUFG (Prop_bufg_I_O)         0.026     0.338 r  audio_system_i/aud_clkwiz/inst/clkout1_buf/O
                         net (fo=13183, routed)       0.641     0.979    audio_system_i/iic_codec/U0/X_IIC/IIC_CONTROL_I/s_axi_aclk
    SLICE_X43Y102        FDSE                                         r  audio_system_i/iic_codec/U0/X_IIC/IIC_CONTROL_I/sda_cout_reg_reg/C
  -------------------------------------------------------------------    -------------------
    SLICE_X43Y102        FDSE (Prop_fdse_C_Q)         0.141     1.120 r  audio_system_i/iic_codec/U0/X_IIC/IIC_CONTROL_I/sda_cout_reg_reg/Q
                         net (fo=4, routed)           0.221     1.341    audio_system_i/iic_codec/U0/X_IIC/IIC_CONTROL_I/sda_cout_reg
    SLICE_X44Y102        LUT5 (Prop_lut5_I1_O)        0.045     1.386 r  audio_system_i/iic_codec/U0/X_IIC/IIC_CONTROL_I/sda_t_INST_0/O
                         net (fo=1, routed)           2.557     3.943    IIC_CODEC_sda_iobuf/T
    AB5                  OBUFT (TriStatD_obuft_T_O)
                                                      0.824     4.767 r  IIC_CODEC_sda_iobuf/OBUFT/O
                         net (fo=1, unset)            0.000     4.767    IIC_CODEC_sda_io
    AB5                                                               r  IIC_CODEC_sda_io (INOUT)
  -------------------------------------------------------------------    -------------------





--------------------------------------------------------------------------------------
Path Group:  (none)
From Clock:  clkfbout_audio_system_aud_clkwiz_0
  To Clock:  

Max Delay             1 Endpoint
Min Delay             1 Endpoint
--------------------------------------------------------------------------------------


Max Delay Paths
--------------------------------------------------------------------------------------
Slack:                    inf
  Source:                 audio_system_i/aud_clkwiz/inst/mmcm_adv_inst/CLKFBOUT
                            (clock source 'clkfbout_audio_system_aud_clkwiz_0'  {rise@0.000ns fall@5.000ns period=10.000ns})
  Destination:            audio_system_i/aud_clkwiz/inst/mmcm_adv_inst/CLKFBIN
  Path Group:             (none)
  Path Type:              Max at Slow Process Corner
  Data Path Delay:        3.793ns  (logic 0.101ns (2.663%)  route 3.692ns (97.337%))
  Logic Levels:           1  (BUFG=1)
  Clock Uncertainty:      0.183ns  ((TSJ^2 + DJ^2)^1/2) / 2 + PE
    Total System Jitter     (TSJ):    0.050ns
    Discrete Jitter          (DJ):    0.118ns
    Phase Error              (PE):    0.119ns

    Location             Delay type                Incr(ns)  Path(ns)    Netlist Resource(s)
  -------------------------------------------------------------------    -------------------
                         (clock clkfbout_audio_system_aud_clkwiz_0 fall edge)
                                                      5.000     5.000 f  
    PS7_X0Y0             PS7                          0.000     5.000 f  audio_system_i/sys_cpu/inst/PS7_i/FCLKCLK[0]
                         net (fo=1, routed)           1.193     6.193    audio_system_i/aud_clkwiz/inst/lopt
    BUFGCTRL_X0Y16       BUFG (Prop_bufg_I_O)         0.101     6.294 f  audio_system_i/aud_clkwiz/inst/clkin1_bufg/O
                         net (fo=1, routed)           1.806     8.100    audio_system_i/aud_clkwiz/inst/clk_in1_audio_system_aud_clkwiz_0
  -------------------------------------------------------------------    -------------------
    MMCME2_ADV_X1Y0      MMCME2_ADV (Prop_mmcme2_adv_CLKIN1_CLKFBOUT)
                                                     -3.793     4.307 f  audio_system_i/aud_clkwiz/inst/mmcm_adv_inst/CLKFBOUT
                         net (fo=1, routed)           1.889     6.196    audio_system_i/aud_clkwiz/inst/clkfbout_audio_system_aud_clkwiz_0
    BUFGCTRL_X0Y2        BUFG (Prop_bufg_I_O)         0.101     6.297 f  audio_system_i/aud_clkwiz/inst/clkf_buf/O
                         net (fo=1, routed)           1.803     8.100    audio_system_i/aud_clkwiz/inst/clkfbout_buf_audio_system_aud_clkwiz_0
    MMCME2_ADV_X1Y0      MMCME2_ADV                                   f  audio_system_i/aud_clkwiz/inst/mmcm_adv_inst/CLKFBIN
  -------------------------------------------------------------------    -------------------





Min Delay Paths
--------------------------------------------------------------------------------------
Slack:                    inf
  Source:                 audio_system_i/aud_clkwiz/inst/mmcm_adv_inst/CLKFBOUT
                            (clock source 'clkfbout_audio_system_aud_clkwiz_0'  {rise@0.000ns fall@5.000ns period=10.000ns})
  Destination:            audio_system_i/aud_clkwiz/inst/mmcm_adv_inst/CLKFBIN
  Path Group:             (none)
  Path Type:              Min at Fast Process Corner
  Data Path Delay:        1.150ns  (logic 0.026ns (2.262%)  route 1.123ns (97.738%))
  Logic Levels:           1  (BUFG=1)
  Clock Uncertainty:      0.183ns  ((TSJ^2 + DJ^2)^1/2) / 2 + PE
    Total System Jitter     (TSJ):    0.050ns
    Discrete Jitter          (DJ):    0.118ns
    Phase Error              (PE):    0.119ns

    Location             Delay type                Incr(ns)  Path(ns)    Netlist Resource(s)
  -------------------------------------------------------------------    -------------------
                         (clock clkfbout_audio_system_aud_clkwiz_0 rise edge)
                                                      0.000     0.000 r  
    PS7_X0Y0             PS7                          0.000     0.000 r  audio_system_i/sys_cpu/inst/PS7_i/FCLKCLK[0]
                         net (fo=1, routed)           0.310     0.310    audio_system_i/aud_clkwiz/inst/lopt
    BUFGCTRL_X0Y16       BUFG (Prop_bufg_I_O)         0.026     0.336 r  audio_system_i/aud_clkwiz/inst/clkin1_bufg/O
                         net (fo=1, routed)           0.597     0.933    audio_system_i/aud_clkwiz/inst/clk_in1_audio_system_aud_clkwiz_0
  -------------------------------------------------------------------    -------------------
    MMCME2_ADV_X1Y0      MMCME2_ADV (Prop_mmcme2_adv_CLKIN1_CLKFBOUT)
                                                     -1.150    -0.217 r  audio_system_i/aud_clkwiz/inst/mmcm_adv_inst/CLKFBOUT
                         net (fo=1, routed)           0.529     0.312    audio_system_i/aud_clkwiz/inst/clkfbout_audio_system_aud_clkwiz_0
    BUFGCTRL_X0Y2        BUFG (Prop_bufg_I_O)         0.026     0.338 r  audio_system_i/aud_clkwiz/inst/clkf_buf/O
                         net (fo=1, routed)           0.595     0.933    audio_system_i/aud_clkwiz/inst/clkfbout_buf_audio_system_aud_clkwiz_0
    MMCME2_ADV_X1Y0      MMCME2_ADV                                   r  audio_system_i/aud_clkwiz/inst/mmcm_adv_inst/CLKFBIN
  -------------------------------------------------------------------    -------------------





--------------------------------------------------------------------------------------
Path Group:  (none)
From Clock:  
  To Clock:  clk_out1_audio_system_aud_clkwiz_0

Max Delay           126 Endpoints
Min Delay           126 Endpoints
--------------------------------------------------------------------------------------


Max Delay Paths
--------------------------------------------------------------------------------------
Slack:                    inf
  Source:                 IIC_CODEC_sda_io
                            (input port)
  Destination:            audio_system_i/iic_codec/U0/X_IIC/FILTER_I/SDA_DEBOUNCE/INPUT_DOUBLE_REGS/GENERATE_LEVEL_P_S_CDC.SINGLE_BIT.CROSS_PLEVEL_IN2SCNDRY_IN_cdc_to/D
                            (rising edge-triggered cell FDRE clocked by clk_out1_audio_system_aud_clkwiz_0  {rise@0.000ns fall@5.000ns period=10.000ns})
  Path Group:             (none)
  Path Type:              Setup (Max at Slow Process Corner)
  Data Path Delay:        6.173ns  (logic 1.481ns (23.989%)  route 4.692ns (76.011%))
  Logic Levels:           1  (IBUF=1)
  Clock Path Skew:        2.839ns (DCD - SCD + CPR)
    Destination Clock Delay (DCD):    2.839ns
    Source Clock Delay      (SCD):    0.000ns
    Clock Pessimism Removal (CPR):    0.000ns
  Clock Uncertainty:      0.205ns  ((TSJ^2 + DJ^2)^1/2) / 2 + PE
    Total System Jitter     (TSJ):    0.050ns
    Discrete Jitter          (DJ):    0.163ns
    Phase Error              (PE):    0.119ns

    Location             Delay type                Incr(ns)  Path(ns)    Netlist Resource(s)
  -------------------------------------------------------------------    -------------------
    AB5                                               0.000     0.000 r  IIC_CODEC_sda_io (INOUT)
                         net (fo=1, unset)            0.000     0.000    IIC_CODEC_sda_iobuf/IO
    AB5                  IBUF (Prop_ibuf_I_O)         1.481     1.481 r  IIC_CODEC_sda_iobuf/IBUF/O
                         net (fo=1, routed)           4.692     6.173    audio_system_i/iic_codec/U0/X_IIC/FILTER_I/SDA_DEBOUNCE/INPUT_DOUBLE_REGS/sda_i
    SLICE_X40Y101        FDRE                                         r  audio_system_i/iic_codec/U0/X_IIC/FILTER_I/SDA_DEBOUNCE/INPUT_DOUBLE_REGS/GENERATE_LEVEL_P_S_CDC.SINGLE_BIT.CROSS_PLEVEL_IN2SCNDRY_IN_cdc_to/D
  -------------------------------------------------------------------    -------------------

                         (clock clk_out1_audio_system_aud_clkwiz_0 rise edge)
                                                      0.000     0.000 r  
    PS7_X0Y0             PS7                          0.000     0.000 r  audio_system_i/sys_cpu/inst/PS7_i/FCLKCLK[0]
                         net (fo=1, routed)           1.088     1.088    audio_system_i/aud_clkwiz/inst/lopt
    BUFGCTRL_X0Y16       BUFG (Prop_bufg_I_O)         0.091     1.179 r  audio_system_i/aud_clkwiz/inst/clkin1_bufg/O
                         net (fo=1, routed)           1.612     2.791    audio_system_i/aud_clkwiz/inst/clk_in1_audio_system_aud_clkwiz_0
    MMCME2_ADV_X1Y0      MMCME2_ADV (Prop_mmcme2_adv_CLKIN1_CLKOUT0)
                                                     -3.425    -0.634 r  audio_system_i/aud_clkwiz/inst/mmcm_adv_inst/CLKOUT0
                         net (fo=1, routed)           1.725     1.091    audio_system_i/aud_clkwiz/inst/clk_out1_audio_system_aud_clkwiz_0
    BUFGCTRL_X0Y0        BUFG (Prop_bufg_I_O)         0.091     1.182 r  audio_system_i/aud_clkwiz/inst/clkout1_buf/O
                         net (fo=13183, routed)       1.657     2.839    audio_system_i/iic_codec/U0/X_IIC/FILTER_I/SDA_DEBOUNCE/INPUT_DOUBLE_REGS/s_axi_aclk
    SLICE_X40Y101        FDRE                                         r  audio_system_i/iic_codec/U0/X_IIC/FILTER_I/SDA_DEBOUNCE/INPUT_DOUBLE_REGS/GENERATE_LEVEL_P_S_CDC.SINGLE_BIT.CROSS_PLEVEL_IN2SCNDRY_IN_cdc_to/C

Slack:                    inf
  Source:                 IIC_CODEC_scl_io
                            (input port)
  Destination:            audio_system_i/iic_codec/U0/X_IIC/FILTER_I/SCL_DEBOUNCE/INPUT_DOUBLE_REGS/GENERATE_LEVEL_P_S_CDC.SINGLE_BIT.CROSS_PLEVEL_IN2SCNDRY_IN_cdc_to/D
                            (rising edge-triggered cell FDRE clocked by clk_out1_audio_system_aud_clkwiz_0  {rise@0.000ns fall@5.000ns period=10.000ns})
  Path Group:             (none)
  Path Type:              Setup (Max at Slow Process Corner)
  Data Path Delay:        6.017ns  (logic 1.482ns (24.624%)  route 4.535ns (75.376%))
  Logic Levels:           1  (IBUF=1)
  Clock Path Skew:        2.665ns (DCD - SCD + CPR)
    Destination Clock Delay (DCD):    2.665ns
    Source Clock Delay      (SCD):    0.000ns
    Clock Pessimism Removal (CPR):    0.000ns
  Clock Uncertainty:      0.205ns  ((TSJ^2 + DJ^2)^1/2) / 2 + PE
    Total System Jitter     (TSJ):    0.050ns
    Discrete Jitter          (DJ):    0.163ns
    Phase Error              (PE):    0.119ns

    Location             Delay type                Incr(ns)  Path(ns)    Netlist Resource(s)
  -------------------------------------------------------------------    -------------------
    AB4                                               0.000     0.000 r  IIC_CODEC_scl_io (INOUT)
                         net (fo=1, unset)            0.000     0.000    IIC_CODEC_scl_iobuf/IO
    AB4                  IBUF (Prop_ibuf_I_O)         1.482     1.482 r  IIC_CODEC_scl_iobuf/IBUF/O
                         net (fo=1, routed)           4.535     6.017    audio_system_i/iic_codec/U0/X_IIC/FILTER_I/SCL_DEBOUNCE/INPUT_DOUBLE_REGS/scl_i
    SLICE_X37Y98         FDRE                                         r  audio_system_i/iic_codec/U0/X_IIC/FILTER_I/SCL_DEBOUNCE/INPUT_DOUBLE_REGS/GENERATE_LEVEL_P_S_CDC.SINGLE_BIT.CROSS_PLEVEL_IN2SCNDRY_IN_cdc_to/D
  -------------------------------------------------------------------    -------------------

                         (clock clk_out1_audio_system_aud_clkwiz_0 rise edge)
                                                      0.000     0.000 r  
    PS7_X0Y0             PS7                          0.000     0.000 r  audio_system_i/sys_cpu/inst/PS7_i/FCLKCLK[0]
                         net (fo=1, routed)           1.088     1.088    audio_system_i/aud_clkwiz/inst/lopt
    BUFGCTRL_X0Y16       BUFG (Prop_bufg_I_O)         0.091     1.179 r  audio_system_i/aud_clkwiz/inst/clkin1_bufg/O
                         net (fo=1, routed)           1.612     2.791    audio_system_i/aud_clkwiz/inst/clk_in1_audio_system_aud_clkwiz_0
    MMCME2_ADV_X1Y0      MMCME2_ADV (Prop_mmcme2_adv_CLKIN1_CLKOUT0)
                                                     -3.425    -0.634 r  audio_system_i/aud_clkwiz/inst/mmcm_adv_inst/CLKOUT0
                         net (fo=1, routed)           1.725     1.091    audio_system_i/aud_clkwiz/inst/clk_out1_audio_system_aud_clkwiz_0
    BUFGCTRL_X0Y0        BUFG (Prop_bufg_I_O)         0.091     1.182 r  audio_system_i/aud_clkwiz/inst/clkout1_buf/O
                         net (fo=13183, routed)       1.483     2.665    audio_system_i/iic_codec/U0/X_IIC/FILTER_I/SCL_DEBOUNCE/INPUT_DOUBLE_REGS/s_axi_aclk
    SLICE_X37Y98         FDRE                                         r  audio_system_i/iic_codec/U0/X_IIC/FILTER_I/SCL_DEBOUNCE/INPUT_DOUBLE_REGS/GENERATE_LEVEL_P_S_CDC.SINGLE_BIT.CROSS_PLEVEL_IN2SCNDRY_IN_cdc_to/C

Slack:                    inf
  Source:                 audio_system_i/aud_clkwiz/inst/mmcm_adv_inst/LOCKED
                            (internal pin)
  Destination:            audio_system_i/rstgen/U0/EXT_LPF/lpf_int_reg/D
                            (rising edge-triggered cell FDRE clocked by clk_out1_audio_system_aud_clkwiz_0  {rise@0.000ns fall@5.000ns period=10.000ns})
  Path Group:             (none)
  Path Type:              Setup (Max at Slow Process Corner)
  Data Path Delay:        5.429ns  (logic 0.124ns (2.284%)  route 5.305ns (97.716%))
  Logic Levels:           1  (LUT4=1)
  Clock Uncertainty:      0.205ns  ((TSJ^2 + DJ^2)^1/2) / 2 + PE
    Total System Jitter     (TSJ):    0.050ns
    Discrete Jitter          (DJ):    0.163ns
    Phase Error              (PE):    0.119ns

    Location             Delay type                Incr(ns)  Path(ns)    Netlist Resource(s)
  -------------------------------------------------------------------    -------------------
    MMCME2_ADV_X1Y0      MMCME2_ADV                   0.000     0.000 f  audio_system_i/aud_clkwiz/inst/mmcm_adv_inst/LOCKED
                         net (fo=1, routed)           5.305     5.305    audio_system_i/rstgen/U0/EXT_LPF/dcm_locked
    SLICE_X9Y39          LUT4 (Prop_lut4_I0_O)        0.124     5.429 r  audio_system_i/rstgen/U0/EXT_LPF/lpf_int0/O
                         net (fo=1, routed)           0.000     5.429    audio_system_i/rstgen/U0/EXT_LPF/lpf_int0__0
    SLICE_X9Y39          FDRE                                         r  audio_system_i/rstgen/U0/EXT_LPF/lpf_int_reg/D
  -------------------------------------------------------------------    -------------------

                         (clock clk_out1_audio_system_aud_clkwiz_0 rise edge)
                                                      0.000     0.000 r  
    PS7_X0Y0             PS7                          0.000     0.000 r  audio_system_i/sys_cpu/inst/PS7_i/FCLKCLK[0]
                         net (fo=1, routed)           1.088     1.088    audio_system_i/aud_clkwiz/inst/lopt
    BUFGCTRL_X0Y16       BUFG (Prop_bufg_I_O)         0.091     1.179 r  audio_system_i/aud_clkwiz/inst/clkin1_bufg/O
                         net (fo=1, routed)           1.612     2.791    audio_system_i/aud_clkwiz/inst/clk_in1_audio_system_aud_clkwiz_0
    MMCME2_ADV_X1Y0      MMCME2_ADV (Prop_mmcme2_adv_CLKIN1_CLKOUT0)
                                                     -3.425    -0.634 r  audio_system_i/aud_clkwiz/inst/mmcm_adv_inst/CLKOUT0
                         net (fo=1, routed)           1.725     1.091    audio_system_i/aud_clkwiz/inst/clk_out1_audio_system_aud_clkwiz_0
    BUFGCTRL_X0Y0        BUFG (Prop_bufg_I_O)         0.091     1.182 r  audio_system_i/aud_clkwiz/inst/clkout1_buf/O
                         net (fo=13183, routed)       1.575     2.757    audio_system_i/rstgen/U0/EXT_LPF/slowest_sync_clk
    SLICE_X9Y39          FDRE                                         r  audio_system_i/rstgen/U0/EXT_LPF/lpf_int_reg/C

Slack:                    inf
  Source:                 AC_LRCLK
                            (input port)
  Destination:            audio_system_i/u_dsp/U0/u_i2s/lrclk_p_reg[3]_srl2___U0_u_top_gen_dsp.u_xover_valid_sr_reg_r_0/D
                            (rising edge-triggered cell SRL16E clocked by clk_out1_audio_system_aud_clkwiz_0  {rise@0.000ns fall@5.000ns period=10.000ns})
  Path Group:             (none)
  Path Type:              Setup (Max at Slow Process Corner)
  Data Path Delay:        4.337ns  (logic 1.484ns (34.226%)  route 2.853ns (65.774%))
  Logic Levels:           1  (IBUF=1)
  Clock Path Skew:        2.648ns (DCD - SCD + CPR)
    Destination Clock Delay (DCD):    2.648ns
    Source Clock Delay      (SCD):    0.000ns
    Clock Pessimism Removal (CPR):    0.000ns
  Clock Uncertainty:      0.205ns  ((TSJ^2 + DJ^2)^1/2) / 2 + PE
    Total System Jitter     (TSJ):    0.050ns
    Discrete Jitter          (DJ):    0.163ns
    Phase Error              (PE):    0.119ns

    Location             Delay type                Incr(ns)  Path(ns)    Netlist Resource(s)
  -------------------------------------------------------------------    -------------------
    Y6                                                0.000     0.000 r  AC_LRCLK (IN)
                         net (fo=0)                   0.000     0.000    AC_LRCLK
    Y6                   IBUF (Prop_ibuf_I_O)         1.484     1.484 r  AC_LRCLK_IBUF_inst/O
                         net (fo=1, routed)           2.853     4.337    audio_system_i/u_dsp/U0/u_i2s/lrclk
    SLICE_X50Y22         SRL16E                                       r  audio_system_i/u_dsp/U0/u_i2s/lrclk_p_reg[3]_srl2___U0_u_top_gen_dsp.u_xover_valid_sr_reg_r_0/D
  -------------------------------------------------------------------    -------------------

                         (clock clk_out1_audio_system_aud_clkwiz_0 rise edge)
                                                      0.000     0.000 r  
    PS7_X0Y0             PS7                          0.000     0.000 r  audio_system_i/sys_cpu/inst/PS7_i/FCLKCLK[0]
                         net (fo=1, routed)           1.088     1.088    audio_system_i/aud_clkwiz/inst/lopt
    BUFGCTRL_X0Y16       BUFG (Prop_bufg_I_O)         0.091     1.179 r  audio_system_i/aud_clkwiz/inst/clkin1_bufg/O
                         net (fo=1, routed)           1.612     2.791    audio_system_i/aud_clkwiz/inst/clk_in1_audio_system_aud_clkwiz_0
    MMCME2_ADV_X1Y0      MMCME2_ADV (Prop_mmcme2_adv_CLKIN1_CLKOUT0)
                                                     -3.425    -0.634 r  audio_system_i/aud_clkwiz/inst/mmcm_adv_inst/CLKOUT0
                         net (fo=1, routed)           1.725     1.091    audio_system_i/aud_clkwiz/inst/clk_out1_audio_system_aud_clkwiz_0
    BUFGCTRL_X0Y0        BUFG (Prop_bufg_I_O)         0.091     1.182 r  audio_system_i/aud_clkwiz/inst/clkout1_buf/O
                         net (fo=13183, routed)       1.465     2.648    audio_system_i/u_dsp/U0/u_i2s/clk
    SLICE_X50Y22         SRL16E                                       r  audio_system_i/u_dsp/U0/u_i2s/lrclk_p_reg[3]_srl2___U0_u_top_gen_dsp.u_xover_valid_sr_reg_r_0/CLK

Slack:                    inf
  Source:                 AC_SDATA_I
                            (input port)
  Destination:            audio_system_i/u_dsp/U0/u_i2s/sdata_in_p_reg[2]_srl3___U0_u_top_gen_dsp.u_xover_valid_sr_reg_r_1/D
                            (rising edge-triggered cell SRL16E clocked by clk_out1_audio_system_aud_clkwiz_0  {rise@0.000ns fall@5.000ns period=10.000ns})
  Path Group:             (none)
  Path Type:              Setup (Max at Slow Process Corner)
  Data Path Delay:        4.277ns  (logic 1.502ns (35.113%)  route 2.775ns (64.887%))
  Logic Levels:           1  (IBUF=1)
  Clock Path Skew:        2.648ns (DCD - SCD + CPR)
    Destination Clock Delay (DCD):    2.648ns
    Source Clock Delay      (SCD):    0.000ns
    Clock Pessimism Removal (CPR):    0.000ns
  Clock Uncertainty:      0.205ns  ((TSJ^2 + DJ^2)^1/2) / 2 + PE
    Total System Jitter     (TSJ):    0.050ns
    Discrete Jitter          (DJ):    0.163ns
    Phase Error              (PE):    0.119ns

    Location             Delay type                Incr(ns)  Path(ns)    Netlist Resource(s)
  -------------------------------------------------------------------    -------------------
    AA7                                               0.000     0.000 r  AC_SDATA_I (IN)
                         net (fo=0)                   0.000     0.000    AC_SDATA_I
    AA7                  IBUF (Prop_ibuf_I_O)         1.502     1.502 r  AC_SDATA_I_IBUF_inst/O
                         net (fo=1, routed)           2.775     4.277    audio_system_i/u_dsp/U0/u_i2s/sdata_in
    SLICE_X50Y22         SRL16E                                       r  audio_system_i/u_dsp/U0/u_i2s/sdata_in_p_reg[2]_srl3___U0_u_top_gen_dsp.u_xover_valid_sr_reg_r_1/D
  -------------------------------------------------------------------    -------------------

                         (clock clk_out1_audio_system_aud_clkwiz_0 rise edge)
                                                      0.000     0.000 r  
    PS7_X0Y0             PS7                          0.000     0.000 r  audio_system_i/sys_cpu/inst/PS7_i/FCLKCLK[0]
                         net (fo=1, routed)           1.088     1.088    audio_system_i/aud_clkwiz/inst/lopt
    BUFGCTRL_X0Y16       BUFG (Prop_bufg_I_O)         0.091     1.179 r  audio_system_i/aud_clkwiz/inst/clkin1_bufg/O
                         net (fo=1, routed)           1.612     2.791    audio_system_i/aud_clkwiz/inst/clk_in1_audio_system_aud_clkwiz_0
    MMCME2_ADV_X1Y0      MMCME2_ADV (Prop_mmcme2_adv_CLKIN1_CLKOUT0)
                                                     -3.425    -0.634 r  audio_system_i/aud_clkwiz/inst/mmcm_adv_inst/CLKOUT0
                         net (fo=1, routed)           1.725     1.091    audio_system_i/aud_clkwiz/inst/clk_out1_audio_system_aud_clkwiz_0
    BUFGCTRL_X0Y0        BUFG (Prop_bufg_I_O)         0.091     1.182 r  audio_system_i/aud_clkwiz/inst/clkout1_buf/O
                         net (fo=13183, routed)       1.465     2.648    audio_system_i/u_dsp/U0/u_i2s/clk
    SLICE_X50Y22         SRL16E                                       r  audio_system_i/u_dsp/U0/u_i2s/sdata_in_p_reg[2]_srl3___U0_u_top_gen_dsp.u_xover_valid_sr_reg_r_1/CLK

Slack:                    inf
  Source:                 AC_BCLK
                            (input port)
  Destination:            audio_system_i/u_dsp/U0/u_i2s/blck_p_reg[3]_srl2___U0_u_top_gen_dsp.u_xover_valid_sr_reg_r_0/D
                            (rising edge-triggered cell SRL16E clocked by clk_out1_audio_system_aud_clkwiz_0  {rise@0.000ns fall@5.000ns period=10.000ns})
  Path Group:             (none)
  Path Type:              Setup (Max at Slow Process Corner)
  Data Path Delay:        4.099ns  (logic 1.495ns (36.469%)  route 2.604ns (63.531%))
  Logic Levels:           1  (IBUF=1)
  Clock Path Skew:        2.648ns (DCD - SCD + CPR)
    Destination Clock Delay (DCD):    2.648ns
    Source Clock Delay      (SCD):    0.000ns
    Clock Pessimism Removal (CPR):    0.000ns
  Clock Uncertainty:      0.205ns  ((TSJ^2 + DJ^2)^1/2) / 2 + PE
    Total System Jitter     (TSJ):    0.050ns
    Discrete Jitter          (DJ):    0.163ns
    Phase Error              (PE):    0.119ns

    Location             Delay type                Incr(ns)  Path(ns)    Netlist Resource(s)
  -------------------------------------------------------------------    -------------------
    AA6                                               0.000     0.000 r  AC_BCLK (IN)
                         net (fo=0)                   0.000     0.000    AC_BCLK
    AA6                  IBUF (Prop_ibuf_I_O)         1.495     1.495 r  AC_BCLK_IBUF_inst/O
                         net (fo=1, routed)           2.604     4.099    audio_system_i/u_dsp/U0/u_i2s/bclk
    SLICE_X50Y22         SRL16E                                       r  audio_system_i/u_dsp/U0/u_i2s/blck_p_reg[3]_srl2___U0_u_top_gen_dsp.u_xover_valid_sr_reg_r_0/D
  -------------------------------------------------------------------    -------------------

                         (clock clk_out1_audio_system_aud_clkwiz_0 rise edge)
                                                      0.000     0.000 r  
    PS7_X0Y0             PS7                          0.000     0.000 r  audio_system_i/sys_cpu/inst/PS7_i/FCLKCLK[0]
                         net (fo=1, routed)           1.088     1.088    audio_system_i/aud_clkwiz/inst/lopt
    BUFGCTRL_X0Y16       BUFG (Prop_bufg_I_O)         0.091     1.179 r  audio_system_i/aud_clkwiz/inst/clkin1_bufg/O
                         net (fo=1, routed)           1.612     2.791    audio_system_i/aud_clkwiz/inst/clk_in1_audio_system_aud_clkwiz_0
    MMCME2_ADV_X1Y0      MMCME2_ADV (Prop_mmcme2_adv_CLKIN1_CLKOUT0)
                                                     -3.425    -0.634 r  audio_system_i/aud_clkwiz/inst/mmcm_adv_inst/CLKOUT0
                         net (fo=1, routed)           1.725     1.091    audio_system_i/aud_clkwiz/inst/clk_out1_audio_system_aud_clkwiz_0
    BUFGCTRL_X0Y0        BUFG (Prop_bufg_I_O)         0.091     1.182 r  audio_system_i/aud_clkwiz/inst/clkout1_buf/O
                         net (fo=13183, routed)       1.465     2.648    audio_system_i/u_dsp/U0/u_i2s/clk
    SLICE_X50Y22         SRL16E                                       r  audio_system_i/u_dsp/U0/u_i2s/blck_p_reg[3]_srl2___U0_u_top_gen_dsp.u_xover_valid_sr_reg_r_0/CLK

Slack:                    inf
  Source:                 audio_system_i/u_dsp/U0/u_top/gen_dsp.gen_full.u_ss4/u_ctrl/ARG__1/ACOUT[0]
                            (internal pin)
  Destination:            audio_system_i/u_dsp/U0/u_top/gen_dsp.gen_full.u_ss4/u_ctrl/ARG__2/ACIN[0]
                            (rising edge-triggered cell DSP48E1 clocked by clk_out1_audio_system_aud_clkwiz_0  {rise@0.000ns fall@5.000ns period=10.000ns})
  Path Group:             (none)
  Path Type:              Setup (Max at Slow Process Corner)
  Data Path Delay:        0.056ns  (logic 0.000ns (0.000%)  route 0.056ns (100.000%))
  Logic Levels:           0  
  Clock Uncertainty:      0.205ns  ((TSJ^2 + DJ^2)^1/2) / 2 + PE
    Total System Jitter     (TSJ):    0.050ns
    Discrete Jitter          (DJ):    0.163ns
    Phase Error              (PE):    0.119ns

    Location             Delay type                Incr(ns)  Path(ns)    Netlist Resource(s)
  -------------------------------------------------------------------    -------------------
    DSP48_X3Y9           DSP48E1                      0.000     0.000 r  audio_system_i/u_dsp/U0/u_top/gen_dsp.gen_full.u_ss4/u_ctrl/ARG__1/ACOUT[0]
                         net (fo=1, routed)           0.056     0.056    audio_system_i/u_dsp/U0/u_top/gen_dsp.gen_full.u_ss4/u_ctrl/ARG__1_n_53
    DSP48_X3Y10          DSP48E1                                      r  audio_system_i/u_dsp/U0/u_top/gen_dsp.gen_full.u_ss4/u_ctrl/ARG__2/ACIN[0]
  -------------------------------------------------------------------    -------------------

                         (clock clk_out1_audio_system_aud_clkwiz_0 rise edge)
                                                      0.000     0.000 r  
    PS7_X0Y0             PS7                          0.000     0.000 r  audio_system_i/sys_cpu/inst/PS7_i/FCLKCLK[0]
                         net (fo=1, routed)           1.088     1.088    audio_system_i/aud_clkwiz/inst/lopt
    BUFGCTRL_X0Y16       BUFG (Prop_bufg_I_O)         0.091     1.179 r  audio_system_i/aud_clkwiz/inst/clkin1_bufg/O
                         net (fo=1, routed)           1.612     2.791    audio_system_i/aud_clkwiz/inst/clk_in1_audio_system_aud_clkwiz_0
    MMCME2_ADV_X1Y0      MMCME2_ADV (Prop_mmcme2_adv_CLKIN1_CLKOUT0)
                                                     -3.425    -0.634 r  audio_system_i/aud_clkwiz/inst/mmcm_adv_inst/CLKOUT0
                         net (fo=1, routed)           1.725     1.091    audio_system_i/aud_clkwiz/inst/clk_out1_audio_system_aud_clkwiz_0
    BUFGCTRL_X0Y0        BUFG (Prop_bufg_I_O)         0.091     1.182 r  audio_system_i/aud_clkwiz/inst/clkout1_buf/O
                         net (fo=13183, routed)       1.694     2.876    audio_system_i/u_dsp/U0/u_top/gen_dsp.gen_full.u_ss4/u_ctrl/clk
    DSP48_X3Y10          DSP48E1                                      r  audio_system_i/u_dsp/U0/u_top/gen_dsp.gen_full.u_ss4/u_ctrl/ARG__2/CLK

Slack:                    inf
  Source:                 audio_system_i/u_dsp/U0/u_top/gen_dsp.gen_full.u_ss4/u_ctrl/ARG__1/ACOUT[10]
                            (internal pin)
  Destination:            audio_system_i/u_dsp/U0/u_top/gen_dsp.gen_full.u_ss4/u_ctrl/ARG__2/ACIN[10]
                            (rising edge-triggered cell DSP48E1 clocked by clk_out1_audio_system_aud_clkwiz_0  {rise@0.000ns fall@5.000ns period=10.000ns})
  Path Group:             (none)
  Path Type:              Setup (Max at Slow Process Corner)
  Data Path Delay:        0.056ns  (logic 0.000ns (0.000%)  route 0.056ns (100.000%))
  Logic Levels:           0  
  Clock Uncertainty:      0.205ns  ((TSJ^2 + DJ^2)^1/2) / 2 + PE
    Total System Jitter     (TSJ):    0.050ns
    Discrete Jitter          (DJ):    0.163ns
    Phase Error              (PE):    0.119ns

    Location             Delay type                Incr(ns)  Path(ns)    Netlist Resource(s)
  -------------------------------------------------------------------    -------------------
    DSP48_X3Y9           DSP48E1                      0.000     0.000 r  audio_system_i/u_dsp/U0/u_top/gen_dsp.gen_full.u_ss4/u_ctrl/ARG__1/ACOUT[10]
                         net (fo=1, routed)           0.056     0.056    audio_system_i/u_dsp/U0/u_top/gen_dsp.gen_full.u_ss4/u_ctrl/ARG__1_n_43
    DSP48_X3Y10          DSP48E1                                      r  audio_system_i/u_dsp/U0/u_top/gen_dsp.gen_full.u_ss4/u_ctrl/ARG__2/ACIN[10]
  -------------------------------------------------------------------    -------------------

                         (clock clk_out1_audio_system_aud_clkwiz_0 rise edge)
                                                      0.000     0.000 r  
    PS7_X0Y0             PS7                          0.000     0.000 r  audio_system_i/sys_cpu/inst/PS7_i/FCLKCLK[0]
                         net (fo=1, routed)           1.088     1.088    audio_system_i/aud_clkwiz/inst/lopt
    BUFGCTRL_X0Y16       BUFG (Prop_bufg_I_O)         0.091     1.179 r  audio_system_i/aud_clkwiz/inst/clkin1_bufg/O
                         net (fo=1, routed)           1.612     2.791    audio_system_i/aud_clkwiz/inst/clk_in1_audio_system_aud_clkwiz_0
    MMCME2_ADV_X1Y0      MMCME2_ADV (Prop_mmcme2_adv_CLKIN1_CLKOUT0)
                                                     -3.425    -0.634 r  audio_system_i/aud_clkwiz/inst/mmcm_adv_inst/CLKOUT0
                         net (fo=1, routed)           1.725     1.091    audio_system_i/aud_clkwiz/inst/clk_out1_audio_system_aud_clkwiz_0
    BUFGCTRL_X0Y0        BUFG (Prop_bufg_I_O)         0.091     1.182 r  audio_system_i/aud_clkwiz/inst/clkout1_buf/O
                         net (fo=13183, routed)       1.694     2.876    audio_system_i/u_dsp/U0/u_top/gen_dsp.gen_full.u_ss4/u_ctrl/clk
    DSP48_X3Y10          DSP48E1                                      r  audio_system_i/u_dsp/U0/u_top/gen_dsp.gen_full.u_ss4/u_ctrl/ARG__2/CLK

Slack:                    inf
  Source:                 audio_system_i/u_dsp/U0/u_top/gen_dsp.gen_full.u_ss4/u_ctrl/ARG__1/ACOUT[11]
                            (internal pin)
  Destination:            audio_system_i/u_dsp/U0/u_top/gen_dsp.gen_full.u_ss4/u_ctrl/ARG__2/ACIN[11]
                            (rising edge-triggered cell DSP48E1 clocked by clk_out1_audio_system_aud_clkwiz_0  {rise@0.000ns fall@5.000ns period=10.000ns})
  Path Group:             (none)
  Path Type:              Setup (Max at Slow Process Corner)
  Data Path Delay:        0.056ns  (logic 0.000ns (0.000%)  route 0.056ns (100.000%))
  Logic Levels:           0  
  Clock Uncertainty:      0.205ns  ((TSJ^2 + DJ^2)^1/2) / 2 + PE
    Total System Jitter     (TSJ):    0.050ns
    Discrete Jitter          (DJ):    0.163ns
    Phase Error              (PE):    0.119ns

    Location             Delay type                Incr(ns)  Path(ns)    Netlist Resource(s)
  -------------------------------------------------------------------    -------------------
    DSP48_X3Y9           DSP48E1                      0.000     0.000 r  audio_system_i/u_dsp/U0/u_top/gen_dsp.gen_full.u_ss4/u_ctrl/ARG__1/ACOUT[11]
                         net (fo=1, routed)           0.056     0.056    audio_system_i/u_dsp/U0/u_top/gen_dsp.gen_full.u_ss4/u_ctrl/ARG__1_n_42
    DSP48_X3Y10          DSP48E1                                      r  audio_system_i/u_dsp/U0/u_top/gen_dsp.gen_full.u_ss4/u_ctrl/ARG__2/ACIN[11]
  -------------------------------------------------------------------    -------------------

                         (clock clk_out1_audio_system_aud_clkwiz_0 rise edge)
                                                      0.000     0.000 r  
    PS7_X0Y0             PS7                          0.000     0.000 r  audio_system_i/sys_cpu/inst/PS7_i/FCLKCLK[0]
                         net (fo=1, routed)           1.088     1.088    audio_system_i/aud_clkwiz/inst/lopt
    BUFGCTRL_X0Y16       BUFG (Prop_bufg_I_O)         0.091     1.179 r  audio_system_i/aud_clkwiz/inst/clkin1_bufg/O
                         net (fo=1, routed)           1.612     2.791    audio_system_i/aud_clkwiz/inst/clk_in1_audio_system_aud_clkwiz_0
    MMCME2_ADV_X1Y0      MMCME2_ADV (Prop_mmcme2_adv_CLKIN1_CLKOUT0)
                                                     -3.425    -0.634 r  audio_system_i/aud_clkwiz/inst/mmcm_adv_inst/CLKOUT0
                         net (fo=1, routed)           1.725     1.091    audio_system_i/aud_clkwiz/inst/clk_out1_audio_system_aud_clkwiz_0
    BUFGCTRL_X0Y0        BUFG (Prop_bufg_I_O)         0.091     1.182 r  audio_system_i/aud_clkwiz/inst/clkout1_buf/O
                         net (fo=13183, routed)       1.694     2.876    audio_system_i/u_dsp/U0/u_top/gen_dsp.gen_full.u_ss4/u_ctrl/clk
    DSP48_X3Y10          DSP48E1                                      r  audio_system_i/u_dsp/U0/u_top/gen_dsp.gen_full.u_ss4/u_ctrl/ARG__2/CLK

Slack:                    inf
  Source:                 audio_system_i/u_dsp/U0/u_top/gen_dsp.gen_full.u_ss4/u_ctrl/ARG__1/ACOUT[12]
                            (internal pin)
  Destination:            audio_system_i/u_dsp/U0/u_top/gen_dsp.gen_full.u_ss4/u_ctrl/ARG__2/ACIN[12]
                            (rising edge-triggered cell DSP48E1 clocked by clk_out1_audio_system_aud_clkwiz_0  {rise@0.000ns fall@5.000ns period=10.000ns})
  Path Group:             (none)
  Path Type:              Setup (Max at Slow Process Corner)
  Data Path Delay:        0.056ns  (logic 0.000ns (0.000%)  route 0.056ns (100.000%))
  Logic Levels:           0  
  Clock Uncertainty:      0.205ns  ((TSJ^2 + DJ^2)^1/2) / 2 + PE
    Total System Jitter     (TSJ):    0.050ns
    Discrete Jitter          (DJ):    0.163ns
    Phase Error              (PE):    0.119ns

    Location             Delay type                Incr(ns)  Path(ns)    Netlist Resource(s)
  -------------------------------------------------------------------    -------------------
    DSP48_X3Y9           DSP48E1                      0.000     0.000 r  audio_system_i/u_dsp/U0/u_top/gen_dsp.gen_full.u_ss4/u_ctrl/ARG__1/ACOUT[12]
                         net (fo=1, routed)           0.056     0.056    audio_system_i/u_dsp/U0/u_top/gen_dsp.gen_full.u_ss4/u_ctrl/ARG__1_n_41
    DSP48_X3Y10          DSP48E1                                      r  audio_system_i/u_dsp/U0/u_top/gen_dsp.gen_full.u_ss4/u_ctrl/ARG__2/ACIN[12]
  -------------------------------------------------------------------    -------------------

                         (clock clk_out1_audio_system_aud_clkwiz_0 rise edge)
                                                      0.000     0.000 r  
    PS7_X0Y0             PS7                          0.000     0.000 r  audio_system_i/sys_cpu/inst/PS7_i/FCLKCLK[0]
                         net (fo=1, routed)           1.088     1.088    audio_system_i/aud_clkwiz/inst/lopt
    BUFGCTRL_X0Y16       BUFG (Prop_bufg_I_O)         0.091     1.179 r  audio_system_i/aud_clkwiz/inst/clkin1_bufg/O
                         net (fo=1, routed)           1.612     2.791    audio_system_i/aud_clkwiz/inst/clk_in1_audio_system_aud_clkwiz_0
    MMCME2_ADV_X1Y0      MMCME2_ADV (Prop_mmcme2_adv_CLKIN1_CLKOUT0)
                                                     -3.425    -0.634 r  audio_system_i/aud_clkwiz/inst/mmcm_adv_inst/CLKOUT0
                         net (fo=1, routed)           1.725     1.091    audio_system_i/aud_clkwiz/inst/clk_out1_audio_system_aud_clkwiz_0
    BUFGCTRL_X0Y0        BUFG (Prop_bufg_I_O)         0.091     1.182 r  audio_system_i/aud_clkwiz/inst/clkout1_buf/O
                         net (fo=13183, routed)       1.694     2.876    audio_system_i/u_dsp/U0/u_top/gen_dsp.gen_full.u_ss4/u_ctrl/clk
    DSP48_X3Y10          DSP48E1                                      r  audio_system_i/u_dsp/U0/u_top/gen_dsp.gen_full.u_ss4/u_ctrl/ARG__2/CLK





Min Delay Paths
--------------------------------------------------------------------------------------
Slack:                    inf
  Source:                 audio_system_i/u_dsp/U0/u_top/gen_dsp.gen_full.u_ss1/u_ctrl/ARG__1/ACOUT[0]
                            (internal pin)
  Destination:            audio_system_i/u_dsp/U0/u_top/gen_dsp.gen_full.u_ss1/u_ctrl/ARG__2/ACIN[0]
                            (rising edge-triggered cell DSP48E1 clocked by clk_out1_audio_system_aud_clkwiz_0  {rise@0.000ns fall@5.000ns period=10.000ns})
  Path Group:             (none)
  Path Type:              Hold (Min at Slow Process Corner)
  Data Path Delay:        0.002ns  (logic 0.000ns (0.000%)  route 0.002ns (100.000%))
  Logic Levels:           0  
  Clock Uncertainty:      0.205ns  ((TSJ^2 + DJ^2)^1/2) / 2 + PE
    Total System Jitter     (TSJ):    0.050ns
    Discrete Jitter          (DJ):    0.163ns
    Phase Error              (PE):    0.119ns

    Location             Delay type                Incr(ns)  Path(ns)    Netlist Resource(s)
  -------------------------------------------------------------------    -------------------
    DSP48_X3Y21          DSP48E1                      0.000     0.000 r  audio_system_i/u_dsp/U0/u_top/gen_dsp.gen_full.u_ss1/u_ctrl/ARG__1/ACOUT[0]
                         net (fo=1, routed)           0.002     0.002    audio_system_i/u_dsp/U0/u_top/gen_dsp.gen_full.u_ss1/u_ctrl/ARG__1_n_53
    DSP48_X3Y22          DSP48E1                                      r  audio_system_i/u_dsp/U0/u_top/gen_dsp.gen_full.u_ss1/u_ctrl/ARG__2/ACIN[0]
  -------------------------------------------------------------------    -------------------

                         (clock clk_out1_audio_system_aud_clkwiz_0 rise edge)
                                                      0.000     0.000 r  
    PS7_X0Y0             PS7                          0.000     0.000 r  audio_system_i/sys_cpu/inst/PS7_i/FCLKCLK[0]
                         net (fo=1, routed)           1.193     1.193    audio_system_i/aud_clkwiz/inst/lopt
    BUFGCTRL_X0Y16       BUFG (Prop_bufg_I_O)         0.101     1.294 r  audio_system_i/aud_clkwiz/inst/clkin1_bufg/O
                         net (fo=1, routed)           1.806     3.100    audio_system_i/aud_clkwiz/inst/clk_in1_audio_system_aud_clkwiz_0
    MMCME2_ADV_X1Y0      MMCME2_ADV (Prop_mmcme2_adv_CLKIN1_CLKOUT0)
                                                     -3.793    -0.693 r  audio_system_i/aud_clkwiz/inst/mmcm_adv_inst/CLKOUT0
                         net (fo=1, routed)           1.889     1.196    audio_system_i/aud_clkwiz/inst/clk_out1_audio_system_aud_clkwiz_0
    BUFGCTRL_X0Y0        BUFG (Prop_bufg_I_O)         0.101     1.297 r  audio_system_i/aud_clkwiz/inst/clkout1_buf/O
                         net (fo=13183, routed)       1.876     3.173    audio_system_i/u_dsp/U0/u_top/gen_dsp.gen_full.u_ss1/u_ctrl/clk
    DSP48_X3Y22          DSP48E1                                      r  audio_system_i/u_dsp/U0/u_top/gen_dsp.gen_full.u_ss1/u_ctrl/ARG__2/CLK

Slack:                    inf
  Source:                 audio_system_i/u_dsp/U0/u_top/gen_dsp.gen_full.u_ss1/u_ctrl/ARG__1/ACOUT[10]
                            (internal pin)
  Destination:            audio_system_i/u_dsp/U0/u_top/gen_dsp.gen_full.u_ss1/u_ctrl/ARG__2/ACIN[10]
                            (rising edge-triggered cell DSP48E1 clocked by clk_out1_audio_system_aud_clkwiz_0  {rise@0.000ns fall@5.000ns period=10.000ns})
  Path Group:             (none)
  Path Type:              Hold (Min at Slow Process Corner)
  Data Path Delay:        0.002ns  (logic 0.000ns (0.000%)  route 0.002ns (100.000%))
  Logic Levels:           0  
  Clock Uncertainty:      0.205ns  ((TSJ^2 + DJ^2)^1/2) / 2 + PE
    Total System Jitter     (TSJ):    0.050ns
    Discrete Jitter          (DJ):    0.163ns
    Phase Error              (PE):    0.119ns

    Location             Delay type                Incr(ns)  Path(ns)    Netlist Resource(s)
  -------------------------------------------------------------------    -------------------
    DSP48_X3Y21          DSP48E1                      0.000     0.000 r  audio_system_i/u_dsp/U0/u_top/gen_dsp.gen_full.u_ss1/u_ctrl/ARG__1/ACOUT[10]
                         net (fo=1, routed)           0.002     0.002    audio_system_i/u_dsp/U0/u_top/gen_dsp.gen_full.u_ss1/u_ctrl/ARG__1_n_43
    DSP48_X3Y22          DSP48E1                                      r  audio_system_i/u_dsp/U0/u_top/gen_dsp.gen_full.u_ss1/u_ctrl/ARG__2/ACIN[10]
  -------------------------------------------------------------------    -------------------

                         (clock clk_out1_audio_system_aud_clkwiz_0 rise edge)
                                                      0.000     0.000 r  
    PS7_X0Y0             PS7                          0.000     0.000 r  audio_system_i/sys_cpu/inst/PS7_i/FCLKCLK[0]
                         net (fo=1, routed)           1.193     1.193    audio_system_i/aud_clkwiz/inst/lopt
    BUFGCTRL_X0Y16       BUFG (Prop_bufg_I_O)         0.101     1.294 r  audio_system_i/aud_clkwiz/inst/clkin1_bufg/O
                         net (fo=1, routed)           1.806     3.100    audio_system_i/aud_clkwiz/inst/clk_in1_audio_system_aud_clkwiz_0
    MMCME2_ADV_X1Y0      MMCME2_ADV (Prop_mmcme2_adv_CLKIN1_CLKOUT0)
                                                     -3.793    -0.693 r  audio_system_i/aud_clkwiz/inst/mmcm_adv_inst/CLKOUT0
                         net (fo=1, routed)           1.889     1.196    audio_system_i/aud_clkwiz/inst/clk_out1_audio_system_aud_clkwiz_0
    BUFGCTRL_X0Y0        BUFG (Prop_bufg_I_O)         0.101     1.297 r  audio_system_i/aud_clkwiz/inst/clkout1_buf/O
                         net (fo=13183, routed)       1.876     3.173    audio_system_i/u_dsp/U0/u_top/gen_dsp.gen_full.u_ss1/u_ctrl/clk
    DSP48_X3Y22          DSP48E1                                      r  audio_system_i/u_dsp/U0/u_top/gen_dsp.gen_full.u_ss1/u_ctrl/ARG__2/CLK

Slack:                    inf
  Source:                 audio_system_i/u_dsp/U0/u_top/gen_dsp.gen_full.u_ss1/u_ctrl/ARG__1/ACOUT[11]
                            (internal pin)
  Destination:            audio_system_i/u_dsp/U0/u_top/gen_dsp.gen_full.u_ss1/u_ctrl/ARG__2/ACIN[11]
                            (rising edge-triggered cell DSP48E1 clocked by clk_out1_audio_system_aud_clkwiz_0  {rise@0.000ns fall@5.000ns period=10.000ns})
  Path Group:             (none)
  Path Type:              Hold (Min at Slow Process Corner)
  Data Path Delay:        0.002ns  (logic 0.000ns (0.000%)  route 0.002ns (100.000%))
  Logic Levels:           0  
  Clock Uncertainty:      0.205ns  ((TSJ^2 + DJ^2)^1/2) / 2 + PE
    Total System Jitter     (TSJ):    0.050ns
    Discrete Jitter          (DJ):    0.163ns
    Phase Error              (PE):    0.119ns

    Location             Delay type                Incr(ns)  Path(ns)    Netlist Resource(s)
  -------------------------------------------------------------------    -------------------
    DSP48_X3Y21          DSP48E1                      0.000     0.000 r  audio_system_i/u_dsp/U0/u_top/gen_dsp.gen_full.u_ss1/u_ctrl/ARG__1/ACOUT[11]
                         net (fo=1, routed)           0.002     0.002    audio_system_i/u_dsp/U0/u_top/gen_dsp.gen_full.u_ss1/u_ctrl/ARG__1_n_42
    DSP48_X3Y22          DSP48E1                                      r  audio_system_i/u_dsp/U0/u_top/gen_dsp.gen_full.u_ss1/u_ctrl/ARG__2/ACIN[11]
  -------------------------------------------------------------------    -------------------

                         (clock clk_out1_audio_system_aud_clkwiz_0 rise edge)
                                                      0.000     0.000 r  
    PS7_X0Y0             PS7                          0.000     0.000 r  audio_system_i/sys_cpu/inst/PS7_i/FCLKCLK[0]
                         net (fo=1, routed)           1.193     1.193    audio_system_i/aud_clkwiz/inst/lopt
    BUFGCTRL_X0Y16       BUFG (Prop_bufg_I_O)         0.101     1.294 r  audio_system_i/aud_clkwiz/inst/clkin1_bufg/O
                         net (fo=1, routed)           1.806     3.100    audio_system_i/aud_clkwiz/inst/clk_in1_audio_system_aud_clkwiz_0
    MMCME2_ADV_X1Y0      MMCME2_ADV (Prop_mmcme2_adv_CLKIN1_CLKOUT0)
                                                     -3.793    -0.693 r  audio_system_i/aud_clkwiz/inst/mmcm_adv_inst/CLKOUT0
                         net (fo=1, routed)           1.889     1.196    audio_system_i/aud_clkwiz/inst/clk_out1_audio_system_aud_clkwiz_0
    BUFGCTRL_X0Y0        BUFG (Prop_bufg_I_O)         0.101     1.297 r  audio_system_i/aud_clkwiz/inst/clkout1_buf/O
                         net (fo=13183, routed)       1.876     3.173    audio_system_i/u_dsp/U0/u_top/gen_dsp.gen_full.u_ss1/u_ctrl/clk
    DSP48_X3Y22          DSP48E1                                      r  audio_system_i/u_dsp/U0/u_top/gen_dsp.gen_full.u_ss1/u_ctrl/ARG__2/CLK

Slack:                    inf
  Source:                 audio_system_i/u_dsp/U0/u_top/gen_dsp.gen_full.u_ss1/u_ctrl/ARG__1/ACOUT[12]
                            (internal pin)
  Destination:            audio_system_i/u_dsp/U0/u_top/gen_dsp.gen_full.u_ss1/u_ctrl/ARG__2/ACIN[12]
                            (rising edge-triggered cell DSP48E1 clocked by clk_out1_audio_system_aud_clkwiz_0  {rise@0.000ns fall@5.000ns period=10.000ns})
  Path Group:             (none)
  Path Type:              Hold (Min at Slow Process Corner)
  Data Path Delay:        0.002ns  (logic 0.000ns (0.000%)  route 0.002ns (100.000%))
  Logic Levels:           0  
  Clock Uncertainty:      0.205ns  ((TSJ^2 + DJ^2)^1/2) / 2 + PE
    Total System Jitter     (TSJ):    0.050ns
    Discrete Jitter          (DJ):    0.163ns
    Phase Error              (PE):    0.119ns

    Location             Delay type                Incr(ns)  Path(ns)    Netlist Resource(s)
  -------------------------------------------------------------------    -------------------
    DSP48_X3Y21          DSP48E1                      0.000     0.000 r  audio_system_i/u_dsp/U0/u_top/gen_dsp.gen_full.u_ss1/u_ctrl/ARG__1/ACOUT[12]
                         net (fo=1, routed)           0.002     0.002    audio_system_i/u_dsp/U0/u_top/gen_dsp.gen_full.u_ss1/u_ctrl/ARG__1_n_41
    DSP48_X3Y22          DSP48E1                                      r  audio_system_i/u_dsp/U0/u_top/gen_dsp.gen_full.u_ss1/u_ctrl/ARG__2/ACIN[12]
  -------------------------------------------------------------------    -------------------

                         (clock clk_out1_audio_system_aud_clkwiz_0 rise edge)
                                                      0.000     0.000 r  
    PS7_X0Y0             PS7                          0.000     0.000 r  audio_system_i/sys_cpu/inst/PS7_i/FCLKCLK[0]
                         net (fo=1, routed)           1.193     1.193    audio_system_i/aud_clkwiz/inst/lopt
    BUFGCTRL_X0Y16       BUFG (Prop_bufg_I_O)         0.101     1.294 r  audio_system_i/aud_clkwiz/inst/clkin1_bufg/O
                         net (fo=1, routed)           1.806     3.100    audio_system_i/aud_clkwiz/inst/clk_in1_audio_system_aud_clkwiz_0
    MMCME2_ADV_X1Y0      MMCME2_ADV (Prop_mmcme2_adv_CLKIN1_CLKOUT0)
                                                     -3.793    -0.693 r  audio_system_i/aud_clkwiz/inst/mmcm_adv_inst/CLKOUT0
                         net (fo=1, routed)           1.889     1.196    audio_system_i/aud_clkwiz/inst/clk_out1_audio_system_aud_clkwiz_0
    BUFGCTRL_X0Y0        BUFG (Prop_bufg_I_O)         0.101     1.297 r  audio_system_i/aud_clkwiz/inst/clkout1_buf/O
                         net (fo=13183, routed)       1.876     3.173    audio_system_i/u_dsp/U0/u_top/gen_dsp.gen_full.u_ss1/u_ctrl/clk
    DSP48_X3Y22          DSP48E1                                      r  audio_system_i/u_dsp/U0/u_top/gen_dsp.gen_full.u_ss1/u_ctrl/ARG__2/CLK

Slack:                    inf
  Source:                 audio_system_i/u_dsp/U0/u_top/gen_dsp.gen_full.u_ss1/u_ctrl/ARG__1/ACOUT[13]
                            (internal pin)
  Destination:            audio_system_i/u_dsp/U0/u_top/gen_dsp.gen_full.u_ss1/u_ctrl/ARG__2/ACIN[13]
                            (rising edge-triggered cell DSP48E1 clocked by clk_out1_audio_system_aud_clkwiz_0  {rise@0.000ns fall@5.000ns period=10.000ns})
  Path Group:             (none)
  Path Type:              Hold (Min at Slow Process Corner)
  Data Path Delay:        0.002ns  (logic 0.000ns (0.000%)  route 0.002ns (100.000%))
  Logic Levels:           0  
  Clock Uncertainty:      0.205ns  ((TSJ^2 + DJ^2)^1/2) / 2 + PE
    Total System Jitter     (TSJ):    0.050ns
    Discrete Jitter          (DJ):    0.163ns
    Phase Error              (PE):    0.119ns

    Location             Delay type                Incr(ns)  Path(ns)    Netlist Resource(s)
  -------------------------------------------------------------------    -------------------
    DSP48_X3Y21          DSP48E1                      0.000     0.000 r  audio_system_i/u_dsp/U0/u_top/gen_dsp.gen_full.u_ss1/u_ctrl/ARG__1/ACOUT[13]
                         net (fo=1, routed)           0.002     0.002    audio_system_i/u_dsp/U0/u_top/gen_dsp.gen_full.u_ss1/u_ctrl/ARG__1_n_40
    DSP48_X3Y22          DSP48E1                                      r  audio_system_i/u_dsp/U0/u_top/gen_dsp.gen_full.u_ss1/u_ctrl/ARG__2/ACIN[13]
  -------------------------------------------------------------------    -------------------

                         (clock clk_out1_audio_system_aud_clkwiz_0 rise edge)
                                                      0.000     0.000 r  
    PS7_X0Y0             PS7                          0.000     0.000 r  audio_system_i/sys_cpu/inst/PS7_i/FCLKCLK[0]
                         net (fo=1, routed)           1.193     1.193    audio_system_i/aud_clkwiz/inst/lopt
    BUFGCTRL_X0Y16       BUFG (Prop_bufg_I_O)         0.101     1.294 r  audio_system_i/aud_clkwiz/inst/clkin1_bufg/O
                         net (fo=1, routed)           1.806     3.100    audio_system_i/aud_clkwiz/inst/clk_in1_audio_system_aud_clkwiz_0
    MMCME2_ADV_X1Y0      MMCME2_ADV (Prop_mmcme2_adv_CLKIN1_CLKOUT0)
                                                     -3.793    -0.693 r  audio_system_i/aud_clkwiz/inst/mmcm_adv_inst/CLKOUT0
                         net (fo=1, routed)           1.889     1.196    audio_system_i/aud_clkwiz/inst/clk_out1_audio_system_aud_clkwiz_0
    BUFGCTRL_X0Y0        BUFG (Prop_bufg_I_O)         0.101     1.297 r  audio_system_i/aud_clkwiz/inst/clkout1_buf/O
                         net (fo=13183, routed)       1.876     3.173    audio_system_i/u_dsp/U0/u_top/gen_dsp.gen_full.u_ss1/u_ctrl/clk
    DSP48_X3Y22          DSP48E1                                      r  audio_system_i/u_dsp/U0/u_top/gen_dsp.gen_full.u_ss1/u_ctrl/ARG__2/CLK

Slack:                    inf
  Source:                 audio_system_i/u_dsp/U0/u_top/gen_dsp.gen_full.u_ss1/u_ctrl/ARG__1/ACOUT[14]
                            (internal pin)
  Destination:            audio_system_i/u_dsp/U0/u_top/gen_dsp.gen_full.u_ss1/u_ctrl/ARG__2/ACIN[14]
                            (rising edge-triggered cell DSP48E1 clocked by clk_out1_audio_system_aud_clkwiz_0  {rise@0.000ns fall@5.000ns period=10.000ns})
  Path Group:             (none)
  Path Type:              Hold (Min at Slow Process Corner)
  Data Path Delay:        0.002ns  (logic 0.000ns (0.000%)  route 0.002ns (100.000%))
  Logic Levels:           0  
  Clock Uncertainty:      0.205ns  ((TSJ^2 + DJ^2)^1/2) / 2 + PE
    Total System Jitter     (TSJ):    0.050ns
    Discrete Jitter          (DJ):    0.163ns
    Phase Error              (PE):    0.119ns

    Location             Delay type                Incr(ns)  Path(ns)    Netlist Resource(s)
  -------------------------------------------------------------------    -------------------
    DSP48_X3Y21          DSP48E1                      0.000     0.000 r  audio_system_i/u_dsp/U0/u_top/gen_dsp.gen_full.u_ss1/u_ctrl/ARG__1/ACOUT[14]
                         net (fo=1, routed)           0.002     0.002    audio_system_i/u_dsp/U0/u_top/gen_dsp.gen_full.u_ss1/u_ctrl/ARG__1_n_39
    DSP48_X3Y22          DSP48E1                                      r  audio_system_i/u_dsp/U0/u_top/gen_dsp.gen_full.u_ss1/u_ctrl/ARG__2/ACIN[14]
  -------------------------------------------------------------------    -------------------

                         (clock clk_out1_audio_system_aud_clkwiz_0 rise edge)
                                                      0.000     0.000 r  
    PS7_X0Y0             PS7                          0.000     0.000 r  audio_system_i/sys_cpu/inst/PS7_i/FCLKCLK[0]
                         net (fo=1, routed)           1.193     1.193    audio_system_i/aud_clkwiz/inst/lopt
    BUFGCTRL_X0Y16       BUFG (Prop_bufg_I_O)         0.101     1.294 r  audio_system_i/aud_clkwiz/inst/clkin1_bufg/O
                         net (fo=1, routed)           1.806     3.100    audio_system_i/aud_clkwiz/inst/clk_in1_audio_system_aud_clkwiz_0
    MMCME2_ADV_X1Y0      MMCME2_ADV (Prop_mmcme2_adv_CLKIN1_CLKOUT0)
                                                     -3.793    -0.693 r  audio_system_i/aud_clkwiz/inst/mmcm_adv_inst/CLKOUT0
                         net (fo=1, routed)           1.889     1.196    audio_system_i/aud_clkwiz/inst/clk_out1_audio_system_aud_clkwiz_0
    BUFGCTRL_X0Y0        BUFG (Prop_bufg_I_O)         0.101     1.297 r  audio_system_i/aud_clkwiz/inst/clkout1_buf/O
                         net (fo=13183, routed)       1.876     3.173    audio_system_i/u_dsp/U0/u_top/gen_dsp.gen_full.u_ss1/u_ctrl/clk
    DSP48_X3Y22          DSP48E1                                      r  audio_system_i/u_dsp/U0/u_top/gen_dsp.gen_full.u_ss1/u_ctrl/ARG__2/CLK

Slack:                    inf
  Source:                 audio_system_i/u_dsp/U0/u_top/gen_dsp.gen_full.u_ss1/u_ctrl/ARG__1/ACOUT[15]
                            (internal pin)
  Destination:            audio_system_i/u_dsp/U0/u_top/gen_dsp.gen_full.u_ss1/u_ctrl/ARG__2/ACIN[15]
                            (rising edge-triggered cell DSP48E1 clocked by clk_out1_audio_system_aud_clkwiz_0  {rise@0.000ns fall@5.000ns period=10.000ns})
  Path Group:             (none)
  Path Type:              Hold (Min at Slow Process Corner)
  Data Path Delay:        0.002ns  (logic 0.000ns (0.000%)  route 0.002ns (100.000%))
  Logic Levels:           0  
  Clock Uncertainty:      0.205ns  ((TSJ^2 + DJ^2)^1/2) / 2 + PE
    Total System Jitter     (TSJ):    0.050ns
    Discrete Jitter          (DJ):    0.163ns
    Phase Error              (PE):    0.119ns

    Location             Delay type                Incr(ns)  Path(ns)    Netlist Resource(s)
  -------------------------------------------------------------------    -------------------
    DSP48_X3Y21          DSP48E1                      0.000     0.000 r  audio_system_i/u_dsp/U0/u_top/gen_dsp.gen_full.u_ss1/u_ctrl/ARG__1/ACOUT[15]
                         net (fo=1, routed)           0.002     0.002    audio_system_i/u_dsp/U0/u_top/gen_dsp.gen_full.u_ss1/u_ctrl/ARG__1_n_38
    DSP48_X3Y22          DSP48E1                                      r  audio_system_i/u_dsp/U0/u_top/gen_dsp.gen_full.u_ss1/u_ctrl/ARG__2/ACIN[15]
  -------------------------------------------------------------------    -------------------

                         (clock clk_out1_audio_system_aud_clkwiz_0 rise edge)
                                                      0.000     0.000 r  
    PS7_X0Y0             PS7                          0.000     0.000 r  audio_system_i/sys_cpu/inst/PS7_i/FCLKCLK[0]
                         net (fo=1, routed)           1.193     1.193    audio_system_i/aud_clkwiz/inst/lopt
    BUFGCTRL_X0Y16       BUFG (Prop_bufg_I_O)         0.101     1.294 r  audio_system_i/aud_clkwiz/inst/clkin1_bufg/O
                         net (fo=1, routed)           1.806     3.100    audio_system_i/aud_clkwiz/inst/clk_in1_audio_system_aud_clkwiz_0
    MMCME2_ADV_X1Y0      MMCME2_ADV (Prop_mmcme2_adv_CLKIN1_CLKOUT0)
                                                     -3.793    -0.693 r  audio_system_i/aud_clkwiz/inst/mmcm_adv_inst/CLKOUT0
                         net (fo=1, routed)           1.889     1.196    audio_system_i/aud_clkwiz/inst/clk_out1_audio_system_aud_clkwiz_0
    BUFGCTRL_X0Y0        BUFG (Prop_bufg_I_O)         0.101     1.297 r  audio_system_i/aud_clkwiz/inst/clkout1_buf/O
                         net (fo=13183, routed)       1.876     3.173    audio_system_i/u_dsp/U0/u_top/gen_dsp.gen_full.u_ss1/u_ctrl/clk
    DSP48_X3Y22          DSP48E1                                      r  audio_system_i/u_dsp/U0/u_top/gen_dsp.gen_full.u_ss1/u_ctrl/ARG__2/CLK

Slack:                    inf
  Source:                 audio_system_i/u_dsp/U0/u_top/gen_dsp.gen_full.u_ss1/u_ctrl/ARG__1/ACOUT[16]
                            (internal pin)
  Destination:            audio_system_i/u_dsp/U0/u_top/gen_dsp.gen_full.u_ss1/u_ctrl/ARG__2/ACIN[16]
                            (rising edge-triggered cell DSP48E1 clocked by clk_out1_audio_system_aud_clkwiz_0  {rise@0.000ns fall@5.000ns period=10.000ns})
  Path Group:             (none)
  Path Type:              Hold (Min at Slow Process Corner)
  Data Path Delay:        0.002ns  (logic 0.000ns (0.000%)  route 0.002ns (100.000%))
  Logic Levels:           0  
  Clock Uncertainty:      0.205ns  ((TSJ^2 + DJ^2)^1/2) / 2 + PE
    Total System Jitter     (TSJ):    0.050ns
    Discrete Jitter          (DJ):    0.163ns
    Phase Error              (PE):    0.119ns

    Location             Delay type                Incr(ns)  Path(ns)    Netlist Resource(s)
  -------------------------------------------------------------------    -------------------
    DSP48_X3Y21          DSP48E1                      0.000     0.000 r  audio_system_i/u_dsp/U0/u_top/gen_dsp.gen_full.u_ss1/u_ctrl/ARG__1/ACOUT[16]
                         net (fo=1, routed)           0.002     0.002    audio_system_i/u_dsp/U0/u_top/gen_dsp.gen_full.u_ss1/u_ctrl/ARG__1_n_37
    DSP48_X3Y22          DSP48E1                                      r  audio_system_i/u_dsp/U0/u_top/gen_dsp.gen_full.u_ss1/u_ctrl/ARG__2/ACIN[16]
  -------------------------------------------------------------------    -------------------

                         (clock clk_out1_audio_system_aud_clkwiz_0 rise edge)
                                                      0.000     0.000 r  
    PS7_X0Y0             PS7                          0.000     0.000 r  audio_system_i/sys_cpu/inst/PS7_i/FCLKCLK[0]
                         net (fo=1, routed)           1.193     1.193    audio_system_i/aud_clkwiz/inst/lopt
    BUFGCTRL_X0Y16       BUFG (Prop_bufg_I_O)         0.101     1.294 r  audio_system_i/aud_clkwiz/inst/clkin1_bufg/O
                         net (fo=1, routed)           1.806     3.100    audio_system_i/aud_clkwiz/inst/clk_in1_audio_system_aud_clkwiz_0
    MMCME2_ADV_X1Y0      MMCME2_ADV (Prop_mmcme2_adv_CLKIN1_CLKOUT0)
                                                     -3.793    -0.693 r  audio_system_i/aud_clkwiz/inst/mmcm_adv_inst/CLKOUT0
                         net (fo=1, routed)           1.889     1.196    audio_system_i/aud_clkwiz/inst/clk_out1_audio_system_aud_clkwiz_0
    BUFGCTRL_X0Y0        BUFG (Prop_bufg_I_O)         0.101     1.297 r  audio_system_i/aud_clkwiz/inst/clkout1_buf/O
                         net (fo=13183, routed)       1.876     3.173    audio_system_i/u_dsp/U0/u_top/gen_dsp.gen_full.u_ss1/u_ctrl/clk
    DSP48_X3Y22          DSP48E1                                      r  audio_system_i/u_dsp/U0/u_top/gen_dsp.gen_full.u_ss1/u_ctrl/ARG__2/CLK

Slack:                    inf
  Source:                 audio_system_i/u_dsp/U0/u_top/gen_dsp.gen_full.u_ss1/u_ctrl/ARG__1/ACOUT[17]
                            (internal pin)
  Destination:            audio_system_i/u_dsp/U0/u_top/gen_dsp.gen_full.u_ss1/u_ctrl/ARG__2/ACIN[17]
                            (rising edge-triggered cell DSP48E1 clocked by clk_out1_audio_system_aud_clkwiz_0  {rise@0.000ns fall@5.000ns period=10.000ns})
  Path Group:             (none)
  Path Type:              Hold (Min at Slow Process Corner)
  Data Path Delay:        0.002ns  (logic 0.000ns (0.000%)  route 0.002ns (100.000%))
  Logic Levels:           0  
  Clock Uncertainty:      0.205ns  ((TSJ^2 + DJ^2)^1/2) / 2 + PE
    Total System Jitter     (TSJ):    0.050ns
    Discrete Jitter          (DJ):    0.163ns
    Phase Error              (PE):    0.119ns

    Location             Delay type                Incr(ns)  Path(ns)    Netlist Resource(s)
  -------------------------------------------------------------------    -------------------
    DSP48_X3Y21          DSP48E1                      0.000     0.000 r  audio_system_i/u_dsp/U0/u_top/gen_dsp.gen_full.u_ss1/u_ctrl/ARG__1/ACOUT[17]
                         net (fo=1, routed)           0.002     0.002    audio_system_i/u_dsp/U0/u_top/gen_dsp.gen_full.u_ss1/u_ctrl/ARG__1_n_36
    DSP48_X3Y22          DSP48E1                                      r  audio_system_i/u_dsp/U0/u_top/gen_dsp.gen_full.u_ss1/u_ctrl/ARG__2/ACIN[17]
  -------------------------------------------------------------------    -------------------

                         (clock clk_out1_audio_system_aud_clkwiz_0 rise edge)
                                                      0.000     0.000 r  
    PS7_X0Y0             PS7                          0.000     0.000 r  audio_system_i/sys_cpu/inst/PS7_i/FCLKCLK[0]
                         net (fo=1, routed)           1.193     1.193    audio_system_i/aud_clkwiz/inst/lopt
    BUFGCTRL_X0Y16       BUFG (Prop_bufg_I_O)         0.101     1.294 r  audio_system_i/aud_clkwiz/inst/clkin1_bufg/O
                         net (fo=1, routed)           1.806     3.100    audio_system_i/aud_clkwiz/inst/clk_in1_audio_system_aud_clkwiz_0
    MMCME2_ADV_X1Y0      MMCME2_ADV (Prop_mmcme2_adv_CLKIN1_CLKOUT0)
                                                     -3.793    -0.693 r  audio_system_i/aud_clkwiz/inst/mmcm_adv_inst/CLKOUT0
                         net (fo=1, routed)           1.889     1.196    audio_system_i/aud_clkwiz/inst/clk_out1_audio_system_aud_clkwiz_0
    BUFGCTRL_X0Y0        BUFG (Prop_bufg_I_O)         0.101     1.297 r  audio_system_i/aud_clkwiz/inst/clkout1_buf/O
                         net (fo=13183, routed)       1.876     3.173    audio_system_i/u_dsp/U0/u_top/gen_dsp.gen_full.u_ss1/u_ctrl/clk
    DSP48_X3Y22          DSP48E1                                      r  audio_system_i/u_dsp/U0/u_top/gen_dsp.gen_full.u_ss1/u_ctrl/ARG__2/CLK

Slack:                    inf
  Source:                 audio_system_i/u_dsp/U0/u_top/gen_dsp.gen_full.u_ss1/u_ctrl/ARG__1/ACOUT[18]
                            (internal pin)
  Destination:            audio_system_i/u_dsp/U0/u_top/gen_dsp.gen_full.u_ss1/u_ctrl/ARG__2/ACIN[18]
                            (rising edge-triggered cell DSP48E1 clocked by clk_out1_audio_system_aud_clkwiz_0  {rise@0.000ns fall@5.000ns period=10.000ns})
  Path Group:             (none)
  Path Type:              Hold (Min at Slow Process Corner)
  Data Path Delay:        0.002ns  (logic 0.000ns (0.000%)  route 0.002ns (100.000%))
  Logic Levels:           0  
  Clock Uncertainty:      0.205ns  ((TSJ^2 + DJ^2)^1/2) / 2 + PE
    Total System Jitter     (TSJ):    0.050ns
    Discrete Jitter          (DJ):    0.163ns
    Phase Error              (PE):    0.119ns

    Location             Delay type                Incr(ns)  Path(ns)    Netlist Resource(s)
  -------------------------------------------------------------------    -------------------
    DSP48_X3Y21          DSP48E1                      0.000     0.000 r  audio_system_i/u_dsp/U0/u_top/gen_dsp.gen_full.u_ss1/u_ctrl/ARG__1/ACOUT[18]
                         net (fo=1, routed)           0.002     0.002    audio_system_i/u_dsp/U0/u_top/gen_dsp.gen_full.u_ss1/u_ctrl/ARG__1_n_35
    DSP48_X3Y22          DSP48E1                                      r  audio_system_i/u_dsp/U0/u_top/gen_dsp.gen_full.u_ss1/u_ctrl/ARG__2/ACIN[18]
  -------------------------------------------------------------------    -------------------

                         (clock clk_out1_audio_system_aud_clkwiz_0 rise edge)
                                                      0.000     0.000 r  
    PS7_X0Y0             PS7                          0.000     0.000 r  audio_system_i/sys_cpu/inst/PS7_i/FCLKCLK[0]
                         net (fo=1, routed)           1.193     1.193    audio_system_i/aud_clkwiz/inst/lopt
    BUFGCTRL_X0Y16       BUFG (Prop_bufg_I_O)         0.101     1.294 r  audio_system_i/aud_clkwiz/inst/clkin1_bufg/O
                         net (fo=1, routed)           1.806     3.100    audio_system_i/aud_clkwiz/inst/clk_in1_audio_system_aud_clkwiz_0
    MMCME2_ADV_X1Y0      MMCME2_ADV (Prop_mmcme2_adv_CLKIN1_CLKOUT0)
                                                     -3.793    -0.693 r  audio_system_i/aud_clkwiz/inst/mmcm_adv_inst/CLKOUT0
                         net (fo=1, routed)           1.889     1.196    audio_system_i/aud_clkwiz/inst/clk_out1_audio_system_aud_clkwiz_0
    BUFGCTRL_X0Y0        BUFG (Prop_bufg_I_O)         0.101     1.297 r  audio_system_i/aud_clkwiz/inst/clkout1_buf/O
                         net (fo=13183, routed)       1.876     3.173    audio_system_i/u_dsp/U0/u_top/gen_dsp.gen_full.u_ss1/u_ctrl/clk
    DSP48_X3Y22          DSP48E1                                      r  audio_system_i/u_dsp/U0/u_top/gen_dsp.gen_full.u_ss1/u_ctrl/ARG__2/CLK





